x1,x2,y
-7.0,-4.4,37.86545989024338
-7.0,-4.243589743589744,42.24777171789189
-7.0,-4.087179487179488,45.59863232185429
-7.0,-3.930769230769231,47.83623267103103
-7.0,-3.7743589743589747,48.90594324238614
-7.0,-3.6179487179487184,48.781647764387436
-7.0,-3.4615384615384617,47.466380828391294
-7.0,-3.3051282051282054,44.99225380111465
-7.0,-3.148717948717949,41.41967084699201
-7.0,-2.9923076923076923,36.83585420070966
-7.0,-2.835897435897436,31.352714694406423
-7.0,-2.6794871794871797,25.104119529202
-7.0,-2.523076923076923,18.24262399659211
-7.0,-2.3666666666666667,10.935746942557257
-7.0,-2.2102564102564104,3.3618809064491764
-7.0,-2.0538461538461537,-4.294063214107941
-7.0,-1.8974358974358974,-11.845170639694418
-7.0,-1.741025641025641,-19.107086109012364
-7.0,-1.5846153846153843,-25.902514789871617
-7.0,-1.428205128205128,-32.06555081449888
-7.0,-1.2717948717948717,-37.445727760861985
-7.0,-1.115384615384615,-41.91169219020376
-7.0,-0.9589743589743587,-45.35441055381201
-7.0,-0.8025641025641024,-47.68983117453176
-7.0,-0.6461538461538456,-48.86093631251278
-7.0,-0.48974358974358934,-48.83913421537336
-7.0,-0.33333333333333304,-47.624957166802325
-7.0,-0.1769230769230763,-45.24804849120698
-7.0,-0.02051282051282044,-41.76643883168029
-7.0,0.1358974358974363,-37.26512937047855
-7.0,0.29230769230769305,-31.854016581738875
-7.0,0.4487179487179489,-25.66520918221727
-7.0,0.6051282051282056,-18.84980278490882
-7.0,0.7615384615384624,-11.574191000235478
-7.0,0.9179487179487182,-4.016003046809745
-7.0,1.074358974358975,3.6402329476966138
-7.0,1.2307692307692317,11.20759507795574
-7.0,1.3871794871794876,18.501331234875263
-7.0,1.5435897435897443,25.343369705359166
-7.0,1.7,31.56666667464686
-6.743589743589744,-4.4,35.142239868349826
-6.743589743589744,-4.243589743589744,39.20938321934903
-6.743589743589744,-4.087179487179488,42.31925557930926
-6.743589743589744,-3.930769230769231,44.395931484691125
-6.743589743589744,-3.7743589743589747,45.3887102756324
-6.743589743589744,-3.6179487179487184,45.27335391880898
-6.743589743589744,-3.4615384615384617,44.05267876288422
-6.743589743589744,-3.3051282051282054,41.7564867792309
-6.743589743589744,-3.148717948717949,38.44083796663837
-6.743589743589744,-2.9923076923076923,34.18668168375916
-6.743589743589744,-2.835897435897436,29.097880324402553
-6.743589743589744,-2.6794871794871797,23.29867358632711
-6.743589743589744,-2.523076923076923,16.93064524172174
-6.743589743589744,-2.3666666666666667,10.149266463654993
-6.743589743589744,-2.2102564102564104,3.120100100875942
-6.743589743589744,-2.0538461538461537,-3.985241428928768
-6.743589743589744,-1.8974358974358974,-10.99328594207655
-6.743589743589744,-1.741025641025641,-17.73293669677946
-6.743589743589744,-1.5846153846153843,-24.039649606202016
-6.743589743589744,-1.428205128205128,-29.75945047281022
-6.743589743589744,-1.2717948717948717,-34.75269416590942
-6.743589743589744,-1.115384615384615,-38.89747396455345
-6.743589743589744,-0.9589743589743587,-42.092597828987685
-6.743589743589744,-0.8025641025641024,-44.26005893693982
-6.743589743589744,-0.6461538461538456,-45.34694016825929
-6.743589743589744,-0.48974358974358934,-45.32670604118075
-6.743589743589744,-0.33333333333333304,-44.19985055844772
-6.743589743589744,-0.1769230769230763,-41.99388514656437
-6.743589743589744,-0.02051282051282044,-38.76266698263085
-6.743589743589744,0.1358974358974363,-34.58508410721505
-6.743589743589744,0.29230769230769305,-29.563129425355182
-6.743589743589744,0.4487179487179489,-23.819410617676162
-6.743589743589744,0.6051282051282056,-17.494156755482543
-6.743589743589744,0.7615384615384624,-10.741794701328178
-6.743589743589744,0.9179487179487182,-3.7271788799632795
-6.743589743589744,1.074358974358975,3.378433532708437
-6.743589743589744,1.2307692307692317,10.4015637395795
-6.743589743589744,1.3871794871794876,17.17074669169165
-6.743589743589744,1.5435897435897443,23.520717293268234
-6.743589743589744,1.7,29.29644523901634
-6.487179487179487,-4.4,32.520632533840356
-6.487179487179487,-4.243589743589744,36.28436742597568
-6.487179487179487,-4.087179487179488,39.162243640590525
-6.487179487179487,-3.930769230769231,41.08399974560272
-6.487179487179487,-3.7743589743589747,42.00271734495155
-6.487179487179487,-3.6179487179487184,41.89596656000584
-6.487179487179487,-3.4615384615384617,40.76635364011993
-6.487179487179487,-3.3051282051282054,38.64145733279056
-6.487179487179487,-3.148717948717949,35.573155566894926
-6.487179487179487,-2.9923076923076923,31.636358887590397
-6.487179487179487,-2.835897435897436,26.92718156521972
-6.487179487179487,-2.6794871794871797,21.560595029380384
-6.487179487179487,-2.523076923076923,15.66762091800325
-6.487179487179487,-2.3666666666666667,9.39213227127893
-6.487179487179487,-2.2102564102564104,2.887340967152455
-6.487179487179487,-2.0538461538461537,-3.6879428446891165
-6.487179487179487,-1.8974358974358974,-10.17318798690711
-6.487179487179487,-1.741025641025641,-16.410061516346286
-6.487179487179487,-1.5846153846153843,-22.246294317445454
-6.487179487179487,-1.428205128205128,-27.539398651333823
-6.487179487179487,-1.2717948717948717,-32.160146899126715
-6.487179487179487,-1.115384615384615,-35.99572656821844
-6.487179487179487,-0.9589743589743587,-38.95249453419411
-6.487179487179487,-0.8025641025641024,-40.95826327537742
-6.487179487179487,-0.6461538461538456,-41.96406328311972
-6.487179487179487,-0.48974358974358934,-41.94533861975651
-6.487179487179487,-0.33333333333333304,-40.90254643547948
-6.487179487179487,-0.1769230769230763,-38.86114580731886
-6.487179487179487,-0.02051282051282044,-35.87097617272503
-6.487179487179487,0.1358974358974363,-32.00504053287929
-6.487179487179487,0.29230769230769305,-27.35772313301565
-6.487179487179487,0.4487179487179489,-22.042485133901504
-6.487179487179487,0.6051282051282056,-16.189094533124404
-6.487179487179487,0.7615384615384624,-9.940457965812941
-6.487179487179487,0.9179487179487182,-3.449131734267801
-6.487179487179487,1.074358974358975,3.126402752607878
-6.487179487179487,1.2307692307692317,9.625608197411328
-6.487179487179487,1.3871794871794876,15.889810825492502
-6.487179487179487,1.5435897435897443,21.7660742995389
-6.487179487179487,1.7,27.110933558446654
-6.230769230769231,-4.4,30.000637886714983
-6.230769230769231,-4.243589743589744,33.472724337771844
-6.230769230769231,-4.087179487179488,36.12759650569811
-6.230769230769231,-3.930769230769231,37.9004374537658
-6.230769230769231,-3.7743589743589747,38.74796445034361
-6.230769230769231,-3.6179487179487184,38.649485687978014
-6.230769230769231,-3.4615384615384617,37.607405460098455
-6.230769230769231,-3.3051282051282054,35.64716546179365
-6.230769230769231,-3.148717948717949,32.816623647761695
-6.230769230769231,-2.9923076923076923,29.18488581220337
-6.230769230769231,-2.835897435897436,24.840618416857932
-6.230769230769231,-2.6794871794871797,19.88988385836183
-6.230769230769231,-2.523076923076923,14.453551025436642
-6.230769230769231,-2.3666666666666667,8.664344365429073
-6.230769230769231,-2.2102564102564104,2.663603505278716
-6.230769230769231,-2.0538461538461537,-3.4021674613889865
-6.230769230769231,-1.8974358974358974,-9.384876774186097
-6.230769230769231,-1.741025641025641,-15.138460567712851
-6.230769230769231,-1.5846153846153843,-20.522448923601942
-6.230769230769231,-1.428205128205128,-25.405395350069693
-6.230769230769231,-1.2717948717948717,-29.66808596051389
-6.230769230769231,-1.115384615384615,-33.20645000119875
-6.230769230769231,-0.9589743589743587,-35.9341006694313
-6.230769230769231,-0.8025641025641024,-37.78444418984457
-6.230769230769231,-0.6461538461538456,-38.712305657094106
-6.230769230769231,-0.48974358974358934,-38.69503195110067
-6.230769230769231,-0.33333333333333304,-37.733044797897605
-6.230769230769231,-0.1769230769230763,-35.84983047347047
-6.230769230769231,-0.02051282051282044,-33.09136640196285
-6.230769230769231,0.1358974358974363,-29.524998647471286
-6.230769230769231,0.29230769230769305,-25.237797704720293
-6.230769230769231,0.4487179487179489,-20.33443273089331
-6.230769230769231,0.6051282051282056,-14.934616117834413
-6.230769230769231,0.7615384615384624,-9.170180793689768
-6.230769230769231,0.9179487179487182,-3.1818616097233106
-6.230769230769231,1.074358974358975,2.8841406073949383
-6.230769230769231,1.2307692307692317,8.879728451451227
-6.230769230769231,1.3871794871794876,14.658523636277817
-6.230769230769231,1.5435897435897443,20.079440724171175
-6.230769230769231,1.7,25.010131632937814
-5.9743589743589745,-4.4,27.582255926973698
-5.9743589743589745,-4.243589743589744,30.77445395473752
-5.9743589743589745,-4.087179487179488,33.21531417463199
-5.9743589743589745,-3.930769230769231,34.84524460918036
-5.9743589743589745,-3.7743589743589747,35.62445159180857
-5.9743589743589745,-3.6179487179487184,35.53391130272551
-5.9743589743589745,-3.4615384615384617,34.57583422281978
-5.9743589743589745,-3.3051282051282054,32.773611166240165
-5.9743589743589745,-3.148717948717949,30.17124220923868
-5.9743589743589745,-2.9923076923076923,26.832262457598077
-5.9743589743589745,-2.835897435897436,22.83819087931718
-5.9743589743589745,-2.6794871794871797,18.286540073271443
-5.9743589743589745,-2.523076923076923,13.288435564021912
-5.9743589743589745,-2.3666666666666667,7.965902746105421
-5.9743589743589745,-2.2102564102564104,2.4488877152547244
-5.9743589743589745,-2.0538461538461537,-3.1279152790283784
-5.9743589743589745,-1.8974358974358974,-8.628352303913514
-5.9743589743589745,-1.741025641025641,-13.918133850879153
-5.9743589743589745,-1.5846153846153843,-18.868113424671474
-5.9743589743589745,-1.428205128205128,-23.357440569017825
-5.9743589743589745,-1.2717948717948717,-27.276511350070933
-5.9743589743589745,-1.115384615384615,-30.52964426349437
-5.9743589743589745,-0.9589743589743587,-33.03741623469925
-5.9743589743589745,-0.8025641025641024,-34.738601680341276
-5.9743589743589745,-0.6461538461538456,-35.59166729018243
-5.9743589743589745,-0.48974358974358934,-35.5757860352132
-5.9743589743589745,-0.33333333333333304,-34.6913456457021
-5.9743589743589745,-0.1769230769230763,-32.9599391450192
-5.9743589743589745,-0.02051282051282044,-30.423837670344316
-5.9743589743589745,0.1358974358974363,-27.14495845099102
-5.9743589743589745,0.29230769230769305,-23.203353140469105
-5.9743589743589745,0.4487179487179489,-18.69525340865158
-5.9743589743589745,0.6051282051282056,-13.730721509612568
-5.9743589743589745,0.7615384615384624,-8.430963184958658
-5.9743589743589745,0.9179487179487182,-2.925368506329808
-5.9743589743589745,1.074358974358975,2.651647097069617
-5.9743589743589745,1.2307692307692317,8.163924501699192
-5.9743589743589745,1.3871794871794876,13.476885124047595
-5.9743589743589745,1.5435897435897443,18.460816567165047
-5.9743589743589745,1.7,22.994039462489816
-5.717948717948718,-4.4,25.2654866546165
-5.717948717948718,-4.243589743589744,28.189556276872704
-5.717948717948718,-4.087179487179488,30.425396647392187
-5.717948717948718,-3.930769230769231,31.918421211846425
-5.717948717948718,-3.7743589743589747,32.63217876934644
-5.717948717948718,-3.6179487179487184,32.54924340424832
-5.717948717948718,-3.4615384615384617,31.671639928283906
-5.717948717948718,-3.3051282051282054,30.020794446130108
-5.717948717948718,-3.148717948717949,27.637011251325877
-5.717948717948718,-2.9923076923076923,24.578488823774517
-5.717948717948718,-2.835897435897436,20.919898952597475
-5.717948717948718,-2.6794871794871797,16.750563674109223
-5.717948717948718,-2.523076923076923,12.172274533759062
-5.717948717948718,-2.3666666666666667,7.296807413307972
-5.717948717948718,-2.2102564102564104,2.2431935970804804
-5.717948717948718,-2.0538461538461537,-2.8651862976072913
-5.717948717948718,-1.8974358974358974,-7.903614576089358
-5.717948717948718,-1.741025641025641,-12.749081365845187
-5.717948717948718,-1.5846153846153843,-17.283287820654053
-5.717948717948718,-1.428205128205128,-21.395534308178224
-5.717948717948718,-1.2717948717948717,-24.98542306779785
-5.717948717948718,-1.115384615384615,-27.9653093551053
-5.717948717948718,-0.9589743589743587,-30.262441229997957
-5.717948717948718,-0.8025641025641024,-31.820735746867534
-5.717948717948718,-0.6461538461538456,-32.60214818238468
-5.717948717948718,-0.48974358974358934,-32.587600872094114
-5.717948717948718,-0.33333333333333304,-31.77744897889296
-5.717948717948718,-0.1769230769230763,-30.191471821965035
-5.717948717948718,-0.02051282051282044,-27.868389977869413
-5.717948717948718,0.1358974358974363,-24.864919943438498
-5.717948717948718,0.29230769230769305,-21.25438944026208
-5.717948717948718,0.4487179487179489,-17.124947167176305
-5.717948717948718,0.6051282051282056,-12.577410708458867
-5.717948717948718,0.7615384615384624,-7.722805139619614
-5.717948717948718,0.9179487179487182,-2.6796524240872928
-5.717948717948718,1.074358974358975,2.428922221631914
-5.717948717948718,1.2307692307692317,7.478196348155229
-5.717948717948718,1.3871794871794876,12.344895288801837
-5.717948717948718,1.5435897435897443,16.910201828520524
-5.717948717948718,1.7,21.062657047102658
-5.461538461538462,-4.4,23.050330069643383
-5.461538461538462,-4.243589743589744,25.718031304177394
-5.461538461538462,-4.087179487179488,27.757843923978683
-5.461538461538462,-3.930769230769231,29.119967261763964
-5.461538461538462,-3.7743589743589747,29.771145982957194
-5.461538461538462,-3.6179487179487184,29.695481992546437
-5.461538461538462,-3.4615384615384617,28.894822576490824
-5.461538461538462,-3.3051282051282054,27.388715301463467
-5.461538461538462,-3.148717948717949,25.213930774023275
-5.461538461538462,-2.9923076923076923,22.42356491073269
-5.461538461538462,-2.835897435897436,19.0857426366988
-5.461538461538462,-2.6794871794871797,15.281954660875169
-5.461538461538462,-2.523076923076923,11.105067934648089
-5.461538461538462,-2.3666666666666667,6.6570583670367265
-5.461538461538462,-2.2102564102564104,2.0465211507559835
-5.461538461538462,-2.0538461538461537,-2.613980517125725
-5.461538461538462,-1.8974358974358974,-7.2106635907136285
-5.461538461538462,-1.741025641025641,-11.631303112610956
-5.461538461538462,-1.5846153846153843,-15.76797211154967
-5.461538461538462,-1.428205128205128,-19.51967656755088
-5.461538461538462,-1.2717948717948717,-22.794821113694635
-5.461538461538462,-1.115384615384615,-25.513445276031536
-5.461538461538462,-0.9589743589743587,-27.609175655327416
-5.461538461538462,-0.8025641025641024,-29.03084638942333
-5.461538461538462,-0.6461538461538456,-29.743748333700868
-5.461538461538462,-0.48974358974358934,-29.7304764617434
-5.461538461538462,-0.33333333333333304,-28.991354797470176
-5.461538461538462,-0.1769230769230763,-27.54442850430798
-5.461538461538462,-0.02051282051282044,-25.42502332453814
-5.461538461538462,0.1358974358974363,-22.684883124813712
-5.461538461538462,0.29230769230769305,-19.39090660409922
-5.461538461538462,0.4487179487179489,-15.623514006467488
-5.461538461538462,0.6051282051282056,-11.474683714373308
-5.461538461538462,0.7615384615384624,-7.045706657672629
-5.461538461538462,0.9179487179487182,-2.4447133629957642
-5.461538461538462,1.074358974358975,2.2159659810818297
-5.461538461538462,1.2307692307692317,6.822543990819331
-5.461538461538462,1.3871794871794876,11.262554130540538
-5.461538461538462,1.5435897435897443,15.427596508237599
-5.461538461538462,1.7,19.215984386776334
-5.205128205128205,-4.4,20.93678617205436
-5.205128205128205,-4.243589743589744,23.359879036651595
-5.205128205128205,-4.087179487179488,25.212656004391494
-5.205128205128205,-3.930769230769231,26.449882758933
-5.205128205128205,-3.7743589743589747,27.04135323264086
-5.205128205128205,-3.6179487179487184,26.97262706761988
-5.205128205128205,-3.4615384615384617,26.245382167440557
-5.205128205128205,-3.3051282051282054,24.877373732240255
-5.205128205128205,-3.148717948717949,22.902000777330894
-5.205128205128205,-2.9923076923076923,20.367490718472602
-5.205128205128205,-2.835897435897436,17.335721931621173
-5.205128205128205,-2.6794871794871797,13.880713033569284
-5.205128205128205,-2.523076923076923,10.086815766688998
-5.205128205128205,-2.3666666666666667,6.046655607291686
-5.205128205128205,-2.2102564102564104,1.8588703762812346
-5.205128205128205,-2.0538461538461537,-2.374297937583681
-5.205128205128205,-1.8974358974358974,-6.549499347786329
-5.205128205128205,-1.741025641025641,-10.564799091176463
-5.205128205128205,-1.5846153846153843,-14.322166297358338
-5.205128205128205,-1.428205128205128,-17.729867347135805
-5.205128205128205,-1.2717948717948717,-20.7047054877613
-5.205128205128205,-1.115384615384615,-23.174052026273085
-5.205128205128205,-0.9589743589743587,-25.077619510687644
-5.205128205128205,-0.8025641025641024,-26.36893360800869
-5.205128205128205,-0.6461538461538456,-27.016467744130995
-5.205128205128205,-0.48974358974358934,-27.004412804161078
-5.205128205128205,-0.33333333333333304,-26.33306310143377
-5.205128205128205,-0.1769230769230763,-25.018809192048042
-5.205128205128205,-0.02051282051282044,-23.09373771035051
-5.205128205128205,0.1358974358974363,-20.60484799511667
-5.205128205128205,0.29230769230769305,-17.612904631980538
-5.205128205128205,0.4487179487179489,-14.190953926525134
-5.205128205128205,0.6051282051282056,-10.422540527355897
-5.205128205128205,0.7615384615384624,-6.399667739117711
-5.205128205128205,0.9179487179487182,-2.2205513230552243
-5.205128205128205,1.074358974358975,2.012778375419364
-5.205128205128205,1.2307692307692317,6.196967429691504
-5.205128205128205,1.3871794871794876,10.229861649263707
-5.205128205128205,1.5435897435897443,14.013000606316279
-5.205128205128205,1.7,17.454021481510857
-4.948717948717949,-4.4,18.924854961849423
-4.948717948717949,-4.243589743589744,21.115099474295306
-4.948717948717949,-4.087179487179488,22.78983288863061
-4.948717948717949,-3.930769230769231,23.908167703353524
-4.948717948717949,-3.7743589743589747,24.44280051839742
-4.948717948717949,-3.6179487179487184,24.38067862946863
-4.948717948717949,-3.4615384615384617,23.72331870113308
-4.948717948717949,-3.3051282051282054,22.486769738460463
-4.948717948717949,-3.148717948717949,20.70122126124872
-4.948717948717949,-2.9923076923076923,18.410266246994247
-4.948717948717949,-2.835897435897436,15.669836837364581
-4.948717948717949,-2.6794871794871797,12.546838792191567
-4.948717948717949,-2.523076923076923,9.117518029881785
-4.948717948717949,-2.3666666666666667,5.465599134072848
-4.948717948717949,-2.2102564102564104,1.6802412736562329
-4.948717948717949,-2.0538461538461537,-2.1461385589811575
-4.948717948717949,-1.8974358974358974,-5.920121847307456
-4.948717948717949,-1.741025641025641,-9.549569301541704
-4.948717948717949,-1.5846153846153843,-12.945870378080048
-4.948717948717949,-1.428205128205128,-16.026106646932988
-4.948717948717949,-1.2717948717948717,-18.71507618999783
-4.948717948717949,-1.115384615384615,-20.947129605829943
-4.948717948717949,-0.9589743589743587,-22.667772796078623
-4.948717948717949,-0.8025641025641024,-23.834997402623593
-4.948717948717949,-0.6461538461538456,-24.420306413675057
-4.948717948717949,-0.48974358974358934,-24.409409899347132
-4.948717948717949,-0.33333333333333304,-23.802573890783723
-4.948717948717949,-0.1769230769230763,-22.614613885185214
-4.948717948717949,-0.02051282051282044,-20.874533135306514
-4.948717948717949,0.1358974358974363,-18.624814554347374
-4.948717948717949,0.29230769230769305,-15.920383523906015
-4.948717948717949,0.4487179487179489,-12.827266927349237
-4.948717948717949,0.6051282051282056,-9.42098114740663
-4.948717948717949,0.7615384615384624,-5.784688383954855
-4.948717948717949,0.9179487179487182,-2.007166304265671
-4.948717948717949,1.074358974358975,1.8193594046445167
-4.948717948717949,1.2307692307692317,5.601466664771745
-4.948717948717949,1.3871794871794876,9.246817844971336
-4.948717948717949,1.5435897435897443,12.66641412275656
-4.948717948717949,1.7,15.776768331306215
-4.6923076923076925,-4.4,17.01453643902857
-4.6923076923076925,-4.243589743589744,18.983692617108527
-4.6923076923076925,-4.087179487179488,20.48937457669603
-4.6923076923076925,-3.930769230769231,21.494822095025533
-4.6923076923076925,-3.7743589743589747,21.975487840226883
-4.6923076923076925,-3.6179487179487184,21.9196366780927
-4.6923076923076925,-3.4615384615384617,21.328632177568412
-4.6923076923076925,-3.3051282051282054,20.216903320124093
-4.6923076923076925,-3.148717948717949,18.611592225776754
-4.6923076923076925,-2.9923076923076923,16.55189149629763
-4.6923076923076925,-2.835897435897436,14.08808735392903
-4.6923076923076925,-2.6794871794871797,11.280331936742016
-4.6923076923076925,-2.523076923076923,8.197174724226452
-4.6923076923076925,-2.3666666666666667,4.913888947380214
-4.6923076923076925,-2.2102564102564104,1.510633842880979
-4.6923076923076925,-2.0538461538461537,-1.9295023813181558
-4.6923076923076925,-1.8974358974358974,-5.322531089277011
-4.6923076923076925,-1.741025641025641,-8.585613743706679
-4.6923076923076925,-1.5846153846153843,-11.639084353714804
-4.6923076923076925,-1.428205128205128,-14.408394466942438
-4.6923076923076925,-1.2717948717948717,-16.825933220404234
-4.6923076923076925,-1.115384615384615,-18.83267801470211
-4.6923076923076925,-0.9589743589743587,-20.37963551150036
-4.6923076923076925,-0.8025641025641024,-21.429037773268046
-4.6923076923076925,-0.6461538461538456,-21.955264342333056
-4.6923076923076925,-0.48974358974358934,-21.945467747301567
-4.6923076923076925,-0.33333333333333304,-21.39988716552004
-4.6923076923076925,-0.1769230769230763,-20.3318425837195
-4.6923076923076925,-0.02051282051282044,-18.767409599406154
-4.6923076923076925,0.1358974358974363,-16.744782802505817
-4.6923076923076925,0.29230769230769305,-14.313343279875662
-4.6923076923076925,0.4487179487179489,-11.532453008939799
-4.6923076923076925,0.6051282051282056,-8.470005574525507
-4.6923076923076925,0.7615384615384624,-5.200768592184062
-4.6923076923076925,0.9179487179487182,-1.8045583066271056
-4.6923076923076925,1.074358974358975,1.635709068757288
-4.6923076923076925,1.2307692307692317,5.036041696060054
-4.6923076923076925,1.3871794871794876,8.313422717663428
-4.6923076923076925,1.5435897435897443,11.387837057558443
-4.6923076923076925,1.7,14.184224936162416
-4.435897435897436,-4.4,15.205830603591812
-4.435897435897436,-4.243589743589744,16.96565846509126
-4.435897435897436,-4.087179487179488,18.311281068587764
-4.435897435897436,-3.930769230769231,19.209845933949037
-4.435897435897436,-3.7743589743589747,19.63941519812925
-4.435897435897436,-3.6179487179487184,19.58950121349209
-4.435897435897436,-3.4615384615384617,19.061322596746546
-4.435897435897436,-3.3051282051282054,18.067774477231154
-4.435897435897436,-3.148717948717949,16.633113670915
-4.435897435897436,-2.9923076923076923,14.792366466382747
-4.435897435897436,-2.835897435897436,12.590473481314522
-4.435897435897436,-2.6794871794871797,10.081192467220635
-4.435897435897436,-2.523076923076923,7.325785849722998
-4.435897435897436,-2.3666666666666667,4.3915250472137854
-4.435897435897436,-2.2102564102564104,1.3500480839554727
-4.435897435897436,-2.0538461538461537,-1.7243894045946755
-4.435897435897436,-1.8974358974358974,-4.756727073694995
-4.435897435897436,-1.741025641025641,-7.672932417671392
-4.435897435897436,-1.5846153846153843,-10.401808224262606
-4.435897435897436,-1.428205128205128,-12.87673080716415
-4.435897435897436,-1.2717948717948717,-15.037276578980512
-4.435897435897436,-1.115384615384615,-16.830697252889593
-4.435897435897436,-0.9589743589743587,-18.213207656952864
-4.435897435897436,-0.8025641025641024,-19.151054719942056
-4.435897435897436,-0.6461538461538456,-19.621341530104992
-4.435897435897436,-0.48974358974358934,-19.612586348024386
-4.435897435897436,-0.33333333333333304,-19.125002925642733
-4.435897435897436,-0.1769230769230763,-18.1704952876509
-4.435897435897436,-0.02051282051282044,-16.772367102649433
-4.435897435897436,0.1358974358974363,-14.964752739592004
-4.435897435897436,0.29230769230769305,-12.791783899889479
-4.435897435897436,0.4487179487179489,-10.306512171296824
-4.435897435897436,0.6051282051282056,-7.569613808712531
-4.435897435897436,0.7615384615384624,-4.647908363805334
-4.435897435897436,0.9179487179487182,-1.612727330139528
-4.435897435897436,1.074358974358975,1.4618273677576779
-4.435897435897436,1.2307692307692317,4.500692523556433
-4.435897435897436,1.3871794871794876,7.429676267339986
-4.435897435897436,1.5435897435897443,10.177269410721928
-4.435897435897436,1.7,12.67639129607946
-4.17948717948718,-4.4,13.498737455539137
-4.17948717948718,-4.243589743589744,15.060997018243498
-4.17948717948718,-4.087179487179488,16.2555523643058
-4.17948717948718,-3.930769230769231,17.053239220124027
-4.17948717948718,-3.7743589743589747,17.434582592104515
-4.17948717948718,-3.6179487179487184,17.390272235666785
-4.17948717948718,-3.4615384615384617,16.92138995866748
-4.17948717948718,-3.3051282051282054,16.039383209781633
-4.17948717948718,-3.148717948717949,14.765785596663461
-4.17948717948718,-2.9923076923076923,13.131691157249596
-4.17948717948718,-2.835897435897436,11.17699521952105
-4.17948717948718,-2.6794871794871797,8.94942038362742
-4.17948717948718,-2.523076923076923,6.503351406371424
-4.17948717948718,-2.3666666666666667,3.8985074335735592
-4.17948717948718,-2.2102564102564104,1.1984839968797139
-4.17948717948718,-2.0538461538461537,-1.5307996288107166
-4.17948717948718,-1.8974358974358974,-4.222709800561406
-4.17948717948718,-1.741025641025641,-6.811525323435839
-4.17948717948718,-1.5846153846153843,-9.234041989723451
-4.17948717948718,-1.428205128205128,-11.431115667598126
-4.17948717948718,-1.2717948717948717,-13.349106265726661
-4.17948717948718,-1.115384615384615,-14.941187320392382
-4.17948717948718,-0.9589743589743587,-16.16848923243612
-4.17948717948718,-0.8025641025641024,-17.00104824264561
-4.17948717948718,-0.6461538461538456,-17.418537976990866
-4.17948717948718,-0.48974358974358934,-17.410765701515587
-4.17948717948718,-0.33333333333333304,-16.977921171151785
-4.17948717948718,-0.1769230769230763,-16.13057199697941
-4.17948717948718,-0.02051282051282044,-14.889405645036346
-4.17948717948718,0.1358974358974363,-13.284724365605934
-4.17948717948718,0.29230769230769305,-11.35570538394746
-4.17948717948718,0.4487179487179489,-9.149444414420303
-4.17948717948718,0.6051282051282056,-6.719805849967698
-4.17948717948718,0.7615384615384624,-4.126107698818668
-4.17948717948718,0.9179487179487182,-1.4316733748029375
-4.17948717948718,1.074358974358975,1.2977143016456862
-4.17948717948718,1.2307692307692317,3.9954191472608795
-4.17948717948718,1.3871794871794876,6.595578494001006
-4.17948717948718,1.5435897435897443,9.034711182247015
-4.17948717948718,1.7,11.25326741105734
-3.9230769230769234,-4.4,11.893256994870551
-3.9230769230769234,-4.243589743589744,13.269708276565247
-3.9230769230769234,-4.087179487179488,14.322188463850143
-3.9230769230769234,-3.930769230769231,15.025001953550504
-3.9230769230769234,-3.7743589743589747,15.360990022152682
-3.9230769230769234,-3.6179487179487184,15.321949744616802
-3.9230769230769234,-3.4615384615384617,14.908834263331213
-3.9230769230769234,-3.3051282051282054,14.131729517775538
-3.9230769230769234,-3.148717948717949,13.009608003022128
-3.9230769230769234,-2.9923076923076923,11.569865568898182
-3.9230769230769234,-2.835897435897436,9.84765256854862
-3.9230769230769234,-2.6794871794871797,7.885015685962372
-3.9230769230769234,-2.523076923076923,5.729871394171728
-3.9230769230769234,-2.3666666666666667,3.4348361064595374
-3.9230769230769234,-2.2102564102564104,1.0559415816537023
-3.9230769230769234,-2.0538461538461537,-1.348733053966279
-3.9230769230769234,-1.8974358974358974,-3.720479269876245
-3.9230769230769234,-1.741025641025641,-6.00139246100002
-3.9230769230769234,-1.5846153846153843,-8.135785650097342
-3.9230769230769234,-1.428205128205128,-10.071549048244366
-3.9230769230769234,-1.2717948717948717,-11.761422280642682
-3.9230769230769234,-1.115384615384615,-13.16414821721048
-3.9230769230769234,-0.9589743589743587,-14.245480237950133
-3.9230769230769234,-0.8025641025641024,-14.979018341378715
-3.9230769230769234,-0.6461538461538456,-15.346853682990671
-3.9230769230769234,-0.48974358974358934,-15.340005807775164
-3.9230769230769234,-0.33333333333333304,-14.958641902047201
-3.9230769230769234,-0.1769230769230763,-14.212072711705032
-3.9230769230769234,-0.02051282051282044,-13.118525226566895
-3.9230769230769234,0.1358974358974363,-11.704697680547604
-3.9230769230769234,0.29230769230769305,-10.005107732049611
-3.9230769230769234,0.4487179487179489,-8.061249738310245
-3.9230769230769234,0.6051282051282056,-5.920581698291009
-3.9230769230769234,0.7615384615384624,-3.635366597224065
-3.9230769230769234,0.9179487179487182,-1.2613964406173346
-3.9230769230769234,1.074358974358975,1.143369870421313
-3.9230769230769234,1.2307692307692317,3.5202215671733947
-3.9230769230769234,1.3871794871794876,5.8111293976464875
-3.9230769230769234,1.5435897435897443,7.960162372133704
-3.9230769230769234,1.7,9.914853281096063
-3.666666666666667,-4.4,10.389389221586052
-3.666666666666667,-4.243589743589744,11.591792240056506
-3.666666666666667,-4.087179487179488,12.511189367220794
-3.666666666666667,-3.930769230769231,13.12513413422847
-3.666666666666667,-3.7743589743589747,13.418637488273749
-3.666666666666667,-3.6179487179487184,13.384533740342132
-3.666666666666667,-3.4615384615384617,13.02365551073775
-3.666666666666667,-3.3051282051282054,12.344813401212866
-3.666666666666667,-3.148717948717949,11.364580889991009
-3.666666666666667,-2.9923076923076923,10.106889701328504
-3.666666666666667,-2.835897435897436,8.602445528397228
-3.666666666666667,-2.6794871794871797,6.887978374225493
-3.666666666666667,-2.523076923076923,5.005345813123912
-3.666666666666667,-2.3666666666666667,3.000511065871719
-3.666666666666667,-2.2102564102564104,0.9224208382774386
-3.666666666666667,-2.0538461538461537,-1.1781896800613625
-3.666666666666667,-1.8974358974358974,-3.250035481639512
-3.666666666666667,-1.741025641025641,-5.2425338303639375
-3.666666666666667,-1.5846153846153843,-7.107039205384277
-3.666666666666667,-1.428205128205128,-8.798030949102868
-3.666666666666667,-1.2717948717948717,-10.274224623728575
-3.666666666666667,-1.115384615384615,-11.499579943343889
-3.666666666666667,-0.9589743589743587,-12.444180673494907
-3.666666666666667,-0.8025641025641024,-13.08496501614137
-3.666666666666667,-0.6461538461538456,-13.406288648104415
-3.666666666666667,-0.48974358974358934,-13.400306666803123
-3.666666666666667,-0.33333333333333304,-13.067165118328985
-3.666666666666667,-0.1769230769230763,-12.414997431827766
-3.666666666666667,-0.02051282051282044,-11.45972584724108
-3.666666666666667,0.1358974358974363,-10.224672684417017
-3.666666666666667,0.29230769230769305,-8.739990944195927
-3.666666666666667,0.4487179487179489,-7.041928142966645
-3.666666666666667,0.6051282051282056,-5.171941353682467
-3.666666666666667,0.7615384615384624,-3.1756850590215264
-3.666666666666667,0.9179487179487182,-1.1018965275827193
-3.666666666666667,1.074358974358975,0.9987940740845586
-3.666666666666667,1.2307692307692317,3.075099783293979
-3.666666666666667,1.3871794871794876,5.076328978276433
-3.666666666666667,1.5435897435897443,6.9536229803819944
-3.666666666666667,1.7,8.661148906195624
-3.4102564102564106,-4.4,8.987134135685642
-3.4102564102564106,-4.243589743589744,10.027248908717274
-3.4102564102564106,-4.087179487179488,10.822555074417753
-3.4102564102564106,-3.930769230769231,11.353635762157923
-3.4102564102564106,-3.7743589743589747,11.607524990467716
-3.4102564102564106,-3.6179487179487184,11.578024222842778
-3.4102564102564106,-3.4615384615384617,11.265853700887087
-3.4102564102564106,-3.3051282051282054,10.678634860093617
-3.4102564102564106,-3.148717948717949,9.830704257570098
-3.4102564102564106,-2.9923076923076923,8.74276355454056
-3.4102564102564106,-2.835897435897436,7.441374099066877
-3.4102564102564106,-2.6794871794871797,5.95830844841678
-3.4102564102564106,-2.523076923076923,4.329774663227976
-3.4102564102564106,-2.3666666666666667,2.5955323118101052
-3.4102564102564106,-2.2102564102564104,0.7979217667509223
-3.4102564102564106,-2.0538461538461537,-1.0191695070959677
-3.4102564102564106,-1.8974358974358974,-2.8113784358512066
-3.4102564102564106,-1.741025641025641,-4.53494943152759
-3.4102564102564106,-1.5846153846153843,-6.147802655584257
-3.4102564102564106,-1.428205128205128,-7.610561370173633
-3.4102564102564106,-1.2717948717948717,-8.88751329498434
-3.4102564102564106,-1.115384615384615,-9.94748249879261
-3.4102564102564106,-0.9589743589743587,-10.764590539070438
-3.4102564102564106,-0.8025641025641024,-11.318888266933575
-3.4102564102564106,-0.6461538461538456,-11.596842872332093
-3.4102564102564106,-0.48974358974358934,-11.591668278599464
-3.4102564102564106,-0.33333333333333304,-11.303490819997135
-3.4102564102564106,-0.1769230769230763,-10.739346157347613
-3.4102564102564106,-0.02051282051282044,-9.9130075070589
-3.4102564102564106,0.1358974358974363,-8.844649377214173
-3.4102564102564106,0.29230769230769305,-7.560355020386414
-3.4102564102564106,0.4487179487179489,-6.0914796283895045
-3.4102564102564106,0.6051282051282056,-4.473884816142068
-3.4102564102564106,0.7615384615384624,-2.747063084211051
-3.4102564102564106,0.9179487179487182,-0.9531736356990915
-3.4102564102564106,1.074358974358975,0.8639869126354226
-3.4102564102564106,1.2307692307692317,2.6600537956226313
-3.4102564102564106,1.3871794871794876,4.391177235890842
-3.4102564102564106,1.5435897435897443,6.015093006991887
-3.4102564102564106,1.7,7.492154286356028
-3.153846153846154,-4.4,7.686491737169318
-3.153846153846154,-4.243589743589744,8.57607828254755
-3.153846153846154,-4.087179487179488,9.256285585441018
-3.153846153846154,-3.930769230769231,9.710506837338867
-3.153846153846154,-3.7743589743589747,9.927652528734585
-3.153846153846154,-3.6179487179487184,9.90242119211874
-3.153846153846154,-3.4615384615384617,9.635428833779228
-3.153846153846154,-3.3051282051282054,9.133193894417792
-3.153846153846154,-3.148717948717949,8.4079781057594
-3.153846153846154,-2.9923076923076923,7.47748712853435
-3.153846153846154,-2.835897435897436,6.364438280557565
-3.153846153846154,-2.6794871794871797,5.0960059085362355
-3.153846153846154,-2.523076923076923,3.7031579444839196
-3.153846153846154,-2.3666666666666667,2.2198998442746953
-3.153846153846154,-2.2102564102564104,0.6824443670741537
-3.153846153846154,-2.0538461538461537,-0.8716725350700941
-3.153846153846154,-1.8974358974358974,-2.4045081325113293
-3.153846153846154,-1.741025641025641,-3.878639264490978
-3.153846153846154,-1.5846153846153843,-5.258076000697282
-3.153846153846154,-1.428205128205128,-6.509140311456662
-3.153846153846154,-1.2717948717948717,-7.601288294409976
-3.153846153846154,-1.115384615384615,-8.507855883556639
-3.153846153846154,-0.9589743589743587,-9.20670983467673
-3.153846153846154,-0.8025641025641024,-9.680788093755332
-3.153846153846154,-0.6461538461538456,-9.91851635567371
-3.153846153846154,-0.48974358974358934,-9.914090643164187
-3.153846153846154,-0.33333333333333304,-9.667619007051652
-3.153846153846154,-0.1769230769230763,-9.185118888264574
-3.153846153846154,-0.02051282051282044,-8.478370206020356
-3.153846153846154,0.1358974358974363,-7.5646277589390705
-3.153846153846154,0.29230769230769305,-6.466199960621067
-3.153846153846154,0.4487179487179489,-5.209904194578824
-3.153846153846154,0.6051282051282056,-3.8264120856698143
-3.153846153846154,0.7615384615384624,-2.349500672792639
-3.153846153846154,0.9179487179487182,-0.8152277649664512
-3.153846153846154,1.074358974358975,0.7389483860739052
-3.153846153846154,1.2307692307692317,2.2750836041593527
-3.153846153846154,1.3871794871794876,3.755674170489714
-3.153846153846154,1.5435897435897443,5.1445724519633815
-3.153846153846154,1.7,6.407869421577271
-2.897435897435898,-4.4,6.487462026037084
-2.897435897435898,-4.243589743589744,7.238280361547339
-2.897435897435898,-4.087179487179488,7.812380900290593
-2.897435897435898,-3.930769230769231,8.195747359771302
-2.897435897435898,-3.7743589743589747,8.379020103074357
-2.897435897435898,-3.6179487179487184,8.357724648170018
-2.897435897435898,-3.4615384615384617,8.13238090941417
-2.897435897435898,-3.3051282051282054,7.708490504185393
-2.897435897435898,-3.148717948717949,7.096402434558913
-2.897435897435898,-2.9923076923076923,6.311060423309877
-2.897435897435898,-2.835897435897436,5.371638072869295
-2.897435897435898,-2.6794871794871797,4.301070754583859
-2.897435897435898,-2.523076923076923,3.125495656891743
-2.897435897435898,-2.3666666666666667,1.8736136632654894
-2.897435897435898,-2.2102564102564104,0.5759886392471326
-2.897435897435898,-2.0538461538461537,-0.735698763983742
-2.897435897435898,-1.8974358974358974,-2.0294245716198804
-2.897435897435898,-1.741025641025641,-3.2736033292541022
-2.897435897435898,-1.5846153846153843,-4.437859240723353
-2.897435897435898,-1.428205128205128,-5.493767772951956
-2.897435897435898,-1.2717948717948717,-6.415549622005487
-2.897435897435898,-1.115384615384615,-7.18070009763598
-2.897435897435898,-0.9589743589743587,-7.77053856031378
-2.897435897435898,-0.8025641025641024,-8.17066449660664
-2.897435897435898,-0.6461538461538456,-8.371309098129263
-2.897435897435898,-0.48974358974358934,-8.367573760497292
-2.897435897435898,-0.33333333333333304,-8.159549679492535
-2.897435897435898,-0.1769230769230763,-7.752315624578649
-2.897435897435898,-0.02051282051282044,-7.155813944125452
-2.897435897435898,0.1358974358974363,-6.384607829591712
-2.897435897435898,0.29230769230769305,-5.457525764899889
-2.897435897435898,0.4487179487179489,-4.397201841534604
-2.897435897435898,0.6051282051282056,-3.229523162265706
-2.897435897435898,0.7615384615384624,-1.9829978247662905
-2.897435897435898,0.9179487179487182,-0.6880589153847986
-2.897435897435898,1.074358974358975,0.6236784944000064
-2.897435897435898,1.2307692307692317,1.920189208904143
-2.897435897435898,1.3871794871794876,3.1698197820730494
-2.897435897435898,1.5435897435897443,4.342061315296479
-2.897435897435898,1.7,5.408294311859355
-2.6410256410256414,-4.4,5.390045002288936
-2.6410256410256414,-4.243589743589744,6.013855145716636
-2.6410256410256414,-4.087179487179488,6.490841018966473
-2.6410256410256414,-3.930769230769231,6.8093573294552225
-2.6410256410256414,-3.7743589743589747,6.961627713487027
-2.6410256410256414,-3.6179487179487184,6.943934590996611
-2.6410256410256414,-3.4615384615384617,6.756709927791912
-2.6410256410256414,-3.3051282051282054,6.404524689396416
-2.6410256410256414,-3.148717948717949,5.895977243968635
-2.6410256410256414,-2.9923076923076923,5.243483438867138
-2.6410256410256414,-2.835897435897436,4.462973476002063
-2.6410256410256414,-2.6794871794871797,3.5735029865596486
-2.6410256410256414,-2.523076923076923,2.596787800451445
-2.6410256410256414,-2.3666666666666667,1.5566737687824868
-2.6410256410256414,-2.2102564102564104,0.478554583269859
-2.6410256410256414,-2.0538461538461537,-0.6112481938369112
-2.6410256410256414,-1.8974358974358974,-1.6861277531768588
-2.6410256410256414,-1.741025641025641,-2.71984162581696
-2.6410256410256414,-1.5846153846153843,-3.6871523756624676
-2.6410256410256414,-1.428205128205128,-4.564443754659511
-2.6410256410256414,-1.2717948717948717,-5.330297277770867
-2.6410256410256414,-1.115384615384615,-5.9660151410306295
-2.6410256410256414,-0.9589743589743587,-6.456076715981587
-2.6410256410256414,-0.8025641025641024,-6.788517475487496
-2.6410256410256414,-0.6461538461538456,-6.9552210996987505
-2.6410256410256414,-0.48974358974358934,-6.952117630598775
-2.6410256410256414,-0.33333333333333304,-6.779282837319782
-2.6410256410256414,-0.1769230769230763,-6.440936366289833
-2.6410256410256414,-0.02051282051282044,-5.94533872137418
-2.6410256410256414,0.1358974358974363,-5.304589589172094
-2.6410256410256414,0.29230769230769305,-4.534332433222877
-2.6410256410256414,0.4487179487179489,-3.6533725692568413
-2.6410256410256414,0.6051282051282056,-2.683218045929742
-2.6410256410256414,0.7615384615384624,-1.6475545401320053
-2.6410256410256414,0.9179487179487182,-0.5716670869541333
-2.6410256410256414,1.074358974358975,0.518177237613726
-2.6410256410256414,1.2307692307692317,1.5953706098570015
-2.6410256410256414,1.3871794871794876,2.6336140706408475
-2.6410256410256414,1.5435897435897443,3.6075595969911776
-2.6410256410256414,1.7,4.493428957202279
-2.384615384615385,-4.4,4.394240665924876
-2.384615384615385,-4.243589743589744,4.9028026350554414
-2.384615384615385,-4.087179487179488,5.291665941468661
-2.384615384615385,-3.930769230769231,5.551336746390633
-2.384615384615385,-3.7743589743589747,5.675475359972599
-2.384615384615385,-3.6179487179487184,5.661051020598519
-2.384615384615385,-3.4615384615384617,5.508415888912456
-2.384615384615385,-3.3051282051282054,5.221296450050863
-2.384615384615385,-3.148717948717949,4.8067025339885685
-2.384615384615385,-2.9923076923076923,4.274756175206134
-2.384615384615385,-2.835897435897436,3.6384444899558726
-2.384615384615385,-2.6794871794871797,2.9133026044636066
-2.384615384615385,-2.523076923076923,2.1170343751630263
-2.384615384615385,-2.3666666666666667,1.2690801608256885
-2.384615384615385,-2.2102564102564104,0.390142199142333
-2.384615384615385,-2.0538461538461537,-0.49832082462960176
-2.384615384615385,-1.8974358974358974,-1.3746176771822654
-2.384615384615385,-1.741025641025641,-2.2173541541795543
-2.384615384615385,-1.5846153846153843,-3.005955405514628
-2.384615384615385,-1.428205128205128,-3.72116825657933
-2.384615384615385,-1.2717948717948717,-4.34553126170612
-2.384615384615385,-1.115384615384615,-4.86380101374059
-2.384615384615385,-0.9589743589743587,-5.263324301680154
-2.384615384615385,-0.8025641025641024,-5.534347030397903
-2.384615384615385,-0.6461538461538456,-5.670252360382174
-2.384615384615385,-0.48974358974358934,-5.667722253468641
-2.384615384615385,-0.33333333333333304,-5.526818480533396
-2.384615384615385,-0.1769230769230763,-5.25098111339813
-2.384615384615385,-0.02051282051282044,-4.8469445377665465
-2.384615384615385,0.1358974358974363,-4.324573037680219
-2.384615384615385,0.29230769230769305,-3.6966199655900334
-2.384615384615385,0.4487179487179489,-2.9784163777455386
-2.384615384615385,0.6051282051282056,-2.187496736661923
-2.384615384615385,0.7615384615384624,-1.3431708188897835
-2.384615384615385,0.9179487179487182,-0.4660522796744555
-2.384615384615385,1.074358974358975,0.42244461571506425
-2.384615384615385,1.2307692307692317,1.300627807017929
-2.384615384615385,1.3871794871794876,2.1470570361931087
-2.384615384615385,1.5435897435897443,2.941067297047478
-2.384615384615385,1.7,3.663273357606043
-2.1282051282051286,-4.4,3.5000490169449034
-2.1282051282051286,-4.243589743589744,3.9051228295637577
-2.1282051282051286,-4.087179487179488,4.214855667797157
-2.1282051282051286,-3.930769230769231,4.421685610577532
-2.1282051282051286,-3.7743589743589747,4.520563042531071
-2.1282051282051286,-3.6179487179487184,4.509073936975743
-2.1282051282051286,-3.4615384615384617,4.387498792775802
-2.1282051282051286,-3.3051282051282054,4.158805786148734
-2.1282051282051286,-3.148717948717949,3.8285783046187136
-2.1282051282051286,-2.9923076923076923,3.4048786323268656
-2.1282051282051286,-2.835897435897436,2.898051114730721
-2.1282051282051286,-2.6794871794871797,2.320469608295732
-2.1282051282051286,-2.523076923076923,1.6862353810264876
-2.1282051282051286,-2.3666666666666667,1.010832839395094
-2.1282051282051286,-2.2102564102564104,0.31075148686455456
-2.1282051282051286,-2.0538461538461537,-0.3969166563618137
-2.1282051282051286,-1.8974358974358974,-1.0948943436360996
-2.1282051282051286,-1.741025641025641,-1.7661409143418836
-2.1282051282051286,-1.5846153846153843,-2.3942683302798327
-2.1282051282051286,-1.428205128205128,-2.9639412787114123
-2.1282051282051286,-1.2717948717948717,-3.461251573811246
-2.1282051282051286,-1.115384615384615,-3.87405771576586
-2.1282051282051286,-0.9589743589743587,-4.192281317409479
-2.1282051282051286,-0.8025641025641024,-4.408153161337861
-2.1282051282051286,-0.6461538461538456,-4.516402880179536
-2.1282051282051286,-0.48974358974358934,-4.514387629106888
-2.1282051282051286,-0.33333333333333304,-4.4021566091333755
-2.1282051282051286,-0.1769230769230763,-4.182449865903541
-2.1282051282051286,-0.02051282051282044,-3.8606313933025485
-2.1282051282051286,0.1358974358974363,-3.4445581751160863
-2.1282051282051286,0.29230769230769305,-2.944388362001358
-2.1282051282051286,0.4487179487179489,-2.372333267000696
-2.1282051282051286,0.6051282051282056,-1.7423592344622485
-2.1282051282051286,0.7615384615384624,-1.0698466610396253
-2.1282051282051286,0.9179487179487182,-0.3712144935457653
-2.1282051282051286,1.074358974358975,0.336480628704021
-2.1282051282051286,1.2307692307692317,1.0359608003869247
-2.1282051282051286,1.3871794871794876,1.7101486787298332
-2.1282051282051286,1.5435897435897443,2.3425844154653808
-2.1282051282051286,1.7,2.9178275130706477
-1.8717948717948723,-4.4,2.7074700553490194
-1.8717948717948723,-4.243589743589744,3.0208157292415834
-1.8717948717948723,-4.087179487179488,3.2604101979519604
-1.8717948717948723,-3.930769230769231,3.4204039220159195
-1.8717948717948723,-3.7743589743589747,3.4968907611624447
-1.8717948717948723,-3.6179487179487184,3.4880033401282824
-1.8717948717948723,-3.4615384615384617,3.39395863938195
-1.8717948717948723,-3.3051282051282054,3.217052697690028
-1.8717948717948723,-3.148717948717949,2.9616045558590693
-1.8717948717948723,-2.9923076923076923,2.6338508102293323
-1.8717948717948723,-2.835897435897436,2.24179335032661
-1.8717948717948723,-2.6794871794871797,1.7950039980560255
-1.8717948717948723,-2.523076923076923,1.304390818041828
-1.8717948717948723,-2.3666666666666667,0.7819318044907037
-1.8717948717948723,-2.2102564102564104,0.24038244643652365
-1.8717948717948723,-2.0538461538461537,-0.30703568903354705
-1.8717948717948723,-1.8974358974358974,-0.846957752538362
-1.8717948717948723,-1.741025641025641,-1.366201906303948
-1.8717948717948723,-1.5846153846153843,-1.8520911499580823
-1.8717948717948723,-1.428205128205128,-2.2927628210557582
-1.8717948717948723,-1.2717948717948717,-2.6774582140862435
-1.8717948717948723,-1.115384615384615,-2.996785247106441
-1.8717948717948723,-0.9589743589743587,-3.2429477631695627
-1.8717948717948723,-0.8025641025641024,-3.409935868307369
-1.8717948717948723,-0.6461538461538456,-3.493672659090833
-1.8717948717948723,-0.48974358974358934,-3.4921137575135153
-1.8717948717948723,-0.33333333333333304,-3.405297223119722
-1.8717948717948723,-0.1769230769230763,-3.2353426238060634
-1.8717948717948723,-0.02051282051282044,-2.9863992879821866
-1.8717948717948723,0.1358974358974363,-2.664545001479696
-1.8717948717948723,0.29230769230769305,-2.2776376224568495
-1.8717948717948723,0.4487179487179489,-1.8351232370223123
-1.8717948717948723,0.6051282051282056,-1.3478055393307191
-1.8717948717948723,0.7615384615384624,-0.8275820665815307
-1.8717948717948723,0.9179487179487182,-0.28715372856806265
-1.8717948717948723,1.074358974358975,0.26028527658059636
-1.8717948717948723,1.2307692307692317,0.8013695899639893
-1.8717948717948723,1.3871794871794876,1.3228889982510208
-1.8717948717948723,1.5435897435897443,1.8121109522448855
-1.8717948717948723,1.7,2.257091423596093
-1.6153846153846159,-4.4,2.016503781137222
-1.6153846153846159,-4.243589743589744,2.249881334088918
-1.6153846153846159,-4.087179487179488,2.42832953193307
-1.6153846153846159,-3.930769230769231,2.5474916807057957
-1.6153846153846159,-3.7743589743589747,2.604458515866719
-1.6153846153846159,-3.6179487179487184,2.5978392300561373
-1.6153846153846159,-3.4615384615384617,2.527795428730899
-1.6153846153846159,-3.3051282051282054,2.3960371846747464
-1.6153846153846159,-3.148717948717949,2.205781287709635
-1.6153846153846159,-2.9923076923076923,1.9616727089135335
-1.6153846153846159,-2.835897435897436,1.6696711967435383
-1.6153846153846159,-2.6794871794871797,1.3369057737444858
-1.6153846153846159,-2.523076923076923,0.9715006862090478
-1.6153846153846159,-2.3666666666666667,0.582377056112517
-1.6153846153846159,-2.2102564102564104,0.17903507785824027
-1.6153846153846159,-2.0538461538461537,-0.22867792264480172
-1.6153846153846159,-1.8974358974358974,-0.6308079038890522
-1.6153846153846159,-1.741025641025641,-1.0175371300657479
-1.6153846153846159,-1.5846153846153843,-1.3794238645493768
-1.6153846153846159,-1.428205128205128,-1.7076328836123673
-1.6153846153846159,-1.2717948717948717,-1.994151182531113
-1.6153846153846159,-1.115384615384615,-2.2319836077623316
-1.6153846153846159,-0.9589743589743587,-2.4153236389604045
-1.6153846153846159,-0.8025641025641024,-2.539695151306427
-1.6153846153846159,-0.6461538461538456,-2.6020616971160666
-1.6153846153846159,-0.48974358974358934,-2.6009006386885236
-1.6153846153846159,-0.33333333333333304,-2.536240322492433
-1.6153846153846159,-0.1769230769230763,-2.4096593871056986
-1.6153846153846159,-0.02051282051282044,-2.2242482218054604
-1.6153846153846159,0.1358974358974363,-1.9845335167710478
-1.6153846153846159,0.29230769230769305,-1.696367746956509
-1.6153846153846159,0.4487179487179489,-1.366786287810388
-1.6153846153846159,0.6051282051282056,-1.0038356512673343
-1.6153846153846159,0.7615384615384624,-0.6163770355154992
-1.6153846153846159,0.9179487179487182,-0.2138699847413475
-1.6153846153846159,1.074358974358975,0.1938585593447902
-1.6153846153846159,1.2307692307692317,0.5968541757491226
-1.6153846153846159,1.3871794871794876,0.9852779947566714
-1.6153846153846159,1.5435897435897443,1.349646907385992
-1.6153846153846159,1.7,1.6810650891823782
-1.3589743589743595,-4.4,1.4271501943095133
-1.3589743589743595,-4.243589743589744,1.5923196441057628
-1.3589743589743595,-4.087179487179488,1.7186136697404877
-1.3589743589743595,-3.930769230769231,1.8029488866471608
-1.3589743589743595,-3.7743589743589747,1.8432663066438937
-1.3589743589743595,-3.6179487179487184,1.838581606759307
-1.3589743589743595,-3.4615384615384617,1.7890091608226495
-1.3589743589743595,-3.3051282051282054,1.6957592471028882
-1.3589743589743595,-3.148717948717949,1.5611085001704124
-1.3589743589743595,-2.9923076923076923,1.38834432837947
-1.3589743589743595,-2.835897435897436,1.1816846539815065
-1.3589743589743595,-2.6794871794871797,0.946174935361114
-1.3589743589743595,-2.523076923076923,0.687564985528147
-1.3589743589743595,-2.3666666666666667,0.4121685942605342
-1.3589743589743595,-2.2102564102564104,0.12670938112970445
-1.3589743589743595,-2.0538461538461537,-0.16184335719557774
-1.3589743589743595,-1.8974358974358974,-0.4464447976881703
-1.3589743589743595,-1.741025641025641,-0.720146585627283
-1.3589743589743595,-1.5846153846153843,-0.9762664740537164
-1.3589743589743595,-1.428205128205128,-1.2085514663812396
-1.3589743589743595,-1.2717948717948717,-1.4113304791458547
-1.3589743589743595,-1.115384615384615,-1.5796527977335324
-1.3589743589743595,-0.9589743589743587,-1.7094089447820047
-1.3589743589743595,-0.8025641025641024,-1.797431010335035
-1.3589743589743595,-0.6461538461538456,-1.841569994255236
-1.3589743589743595,-0.48974358974358934,-1.8407482726319133
-1.3589743589743595,-0.33333333333333304,-1.7949859072515106
-1.3589743589743595,-0.1769230769230763,-1.7054001558024459
-1.3589743589743595,-0.02051282051282044,-1.5741781947723708
-1.3589743589743595,0.1358974358974363,-1.4045237209901422
-1.3589743589743595,0.29230769230769305,-1.2005787355003363
-1.3589743589743595,0.4487179487179489,-0.9673224193649234
-1.3589743589743595,0.6051282051282056,-0.7104495702720943
-1.3589743589743595,0.7615384615384624,-0.4362315678415313
-1.3589743589743595,0.9179487179487182,-0.15136326206561984
-1.3589743589743595,1.074358974358975,0.13720047699660262
-1.3589743589743595,1.2307692307692317,0.4224145577423244
-1.3589743589743595,1.3871794871794876,0.6973156682467851
-1.3589743589743595,1.5435897435897443,0.9551922808887003
-1.3589743589743595,1.7,1.189748509829504
-1.102564102564103,-4.4,0.9394092948658921
-1.102564102564103,-4.243589743589744,1.048130659292117
-1.102564102564103,-4.087179487179488,1.1312626113742124
-1.102564102564103,-3.930769230769231,1.1867755398400146
-1.102564102564103,-3.7743589743589747,1.2133141334939697
-1.102564102564103,-3.6179487179487184,1.2102304702377928
-1.102564102564103,-3.4615384615384617,1.177599835657202
-1.102564102564103,-3.3051282051282054,1.1162188849744539
-1.102564102564103,-3.148717948717949,1.0275861932414
-1.102564102564103,-2.9923076923076923,0.9138656686271416
-1.102564102564103,-2.835897435897436,0.7778337220405148
-1.102564102564103,-2.6794871794871797,0.6228114829059097
-1.102564102564103,-2.523076923076923,0.4525837159991258
-1.102564102564103,-2.3666666666666667,0.27130641893475543
-1.102564102564103,-2.2102564102564104,0.0834053562509162
-1.102564102564103,-2.0538461538461537,-0.10653199268587517
-1.102564102564103,-1.8974358974358974,-0.2938684339357163
-1.102564102564103,-1.741025641025641,-0.47403027298855344
-1.102564102564103,-1.5846153846153843,-0.6426189784711007
-1.102564102564103,-1.428205128205128,-0.7955185693623755
-1.102564102564103,-1.2717948717948717,-0.9289961039304685
-1.102564102564103,-1.115384615384615,-1.0397928170200437
-1.102564102564103,-0.9589743589743587,-1.1252036806343637
-1.102564102564103,-0.8025641025641024,-1.1831434453931935
-1.102564102564103,-0.6461538461538456,-1.2121975505083418
-1.102564102564103,-0.48974358974358934,-1.2116566593436842
-1.102564102564103,-0.33333333333333304,-1.1815339773969542
-1.102564102564103,-0.1769230769230763,-1.122564929896306
-1.102564102564103,-0.02051282051282044,-1.0361892068829173
-1.102564102564103,0.1358974358974363,-0.9245156141369789
-1.102564102564103,0.29230769230769305,-0.7902705880883312
-1.102564102564103,0.4487179487179489,-0.6367316316859181
-1.102564102564103,0.6051282051282056,-0.4676472963449992
-1.102564102564103,0.7615384615384624,-0.28714566355962673
-1.102564102564103,0.9179487179487182,-0.09963356054087974
-1.102564102564103,1.074358974358975,0.09031102953603357
-1.102564102564103,1.2307692307692317,0.27805073594359486
-1.102564102564103,1.3871794871794876,0.4590020187213621
-1.102564102564103,1.5435897435897443,0.6287470727530109
-1.102564102564103,1.7,0.78314168553747
-0.8461538461538467,-4.4,0.5532810828063585
-0.8461538461538467,-4.243589743589744,0.6173143796479802
-0.8461538461538467,-4.087179487179488,0.6662763568342442
-0.8461538461538467,-3.930769230769231,0.6989716402843571
-0.8461538461538467,-3.7743589743589747,0.714601996416946
-0.8461538461538467,-3.6179487179487184,0.7127858204915937
-0.8461538461538467,-3.4615384615384617,0.6935674532345555
-0.8461538461538467,-3.3051282051282054,0.6574160982894433
-0.8461538461538467,-3.148717948717949,0.6052143669225987
-0.8461538461538467,-2.9923076923076923,0.5382367296565481
-0.8461538461538467,-2.835897435897436,0.45811840092056294
-0.8461538461538467,-2.6794871794871797,0.36681541637887277
-0.8461538461538467,-2.523076923076923,0.2665568776219838
-0.8461538461538467,-2.3666666666666667,0.1597905301351805
-0.8461538461538467,-2.2102564102564104,0.04912300322187548
-0.8461538461538467,-2.0538461538461537,-0.06274382911569393
-0.8461538461538467,-1.8974358974358974,-0.17307881263169017
-0.8461538461538467,-1.741025641025641,-0.2791881921495591
-0.8461538461538467,-1.5846153846153843,-0.37848137780152996
-0.8461538461538467,-1.428205128205128,-0.4685341925557745
-0.8461538461538467,-1.2717948717948717,-0.5471480568849543
-0.8461538461538467,-1.115384615384615,-0.6124036656218647
-0.8461538461538467,-0.9589743589743587,-0.6627078465174809
-0.8461538461538467,-0.8025641025641024,-0.6968324564809021
-0.8461538461538467,-0.6461538461538456,-0.7139443658753838
-0.8461538461538467,-0.48974358974358934,-0.7136257988238357
-0.8461538461538467,-0.33333333333333304,-0.6958845329287633
-0.8461538461538467,-0.1769230769230763,-0.6611537093872782
-0.8461538461538467,-0.02051282051282044,-0.6102812581370995
-0.8461538461538467,0.1358974358974363,-0.5445091962115577
-0.8461538461538467,0.29230769230769305,-0.4654433047204937
-0.8461538461538467,0.4487179487179489,-0.37501392477337203
-0.8461538461538467,0.6051282051282056,-0.2754288294860488
-0.8461538461538467,0.7615384615384624,-0.1691193226697856
-0.8461538461538467,0.9179487179487182,-0.05868088016712713
-0.8461538461538467,1.074358974358975,0.05319021696308306
-0.8461538461538467,1.2307692307692317,0.16376271035293397
-0.8461538461538467,1.3871794871794876,0.27033704618040205
-0.8461538461538467,1.5435897435897443,0.3703112829789232
-0.8461538461538467,1.7,0.4612446163062764
-0.5897435897435903,-4.4,0.2687655581309126
-0.5897435897435903,-4.243589743589744,0.2998708051733533
-0.5897435897435903,-4.087179487179488,0.32365490612058345
-0.5897435897435903,-3.930769230769231,0.3395371879801884
-0.5897435897435903,-3.7743589743589747,0.3471298954128234
-0.5897435897435903,-3.6179487179487184,0.3462476575207101
-0.5897435897435903,-3.4615384615384617,0.33691201355471084
-0.5897435897435903,-3.3051282051282054,0.31935088704785647
-0.5897435897435903,-3.148717948717949,0.2939930212140082
-0.5897435897435903,-2.9923076923076923,0.26145751146768975
-0.5897435897435903,-2.835897435897436,0.222538690621651
-0.5897435897435903,-2.6794871794871797,0.17818673578000352
-0.5897435897435903,-2.523076923076923,0.1294844703967213
-0.5897435897435903,-2.3666666666666667,0.07762092786180949
-0.5897435897435903,-2.2102564102564104,0.02386232204258232
-0.5897435897435903,-2.0538461538461537,-0.03047886648503408
-0.5897435897435903,-1.8974358974358974,-0.08407593377609197
-0.5897435897435903,-1.741025641025641,-0.13562034311030016
-0.5897435897435903,-1.5846153846153843,-0.1838536720450041
-0.5897435897435903,-1.428205128205128,-0.227598335961437
-0.5897435897435903,-1.2717948717948717,-0.2657863380093122
-0.5897435897435903,-1.115384615384615,-0.29748534353899597
-0.5897435897435903,-0.9589743589743587,-0.3219214424313569
-0.5897435897435903,-0.8025641025641024,-0.3384980435981611
-0.5897435897435903,-0.6461538461538456,-0.34681044035636205
-0.5897435897435903,-0.48974358974358934,-0.34665569107236854
-0.5897435897435903,-0.33333333333333304,-0.3380375738469385
-0.5897435897435903,-0.1769230769230763,-0.3211664942753631
-0.5897435897435903,-0.02051282051282044,-0.29645434853491814
-0.5897435897435903,0.1358974358974363,-0.264504467213879
-0.5897435897435903,0.29230769230769305,-0.226096885396824
-0.5897435897435903,0.4487179487179489,-0.1821692986272855
-0.5897435897435903,0.6051282051282056,-0.13379416969524327
-0.5897435897435903,0.7615384615384624,-0.08215254517200793
-0.5897435897435903,0.9179487179487182,-0.028505220944362048
-0.5897435897435903,1.074358974358975,0.025838039277751107
-0.5897435897435903,1.2307692307692317,0.0795504809703417
-0.5897435897435903,1.3871794871794876,0.13132075062390522
-0.5897435897435903,1.5435897435897443,0.17988491156643754
-0.5897435897435903,1.7,0.2240573021359232
-0.3333333333333339,-4.4,0.08586272083955444
-0.3333333333333339,-4.243589743589744,0.0957999358682359
-0.3333333333333339,-4.087179487179488,0.10339825923323005
-0.3333333333333339,-3.930769230769231,0.10847218292750838
-0.3333333333333339,-3.7743589743589747,0.11089783048160161
-0.3333333333333339,-3.6179487179487184,0.11061598132514197
-0.3333333333333339,-3.4615384615384617,0.10763351661766772
-0.3333333333333339,-3.3051282051282054,0.10202325124969346
-0.3333333333333339,-3.148717948717949,0.09392215611562849
-0.3333333333333339,-2.9923076923076923,0.08352801406056642
-0.3333333333333339,-2.835897435897436,0.07109459114377899
-0.3333333333333339,-2.6794871794871797,0.05692544110930178
-0.3333333333333339,-2.523076923076923,0.04136649432333826
-0.3333333333333339,-2.3666666666666667,0.024797612114642393
-0.3333333333333339,-2.2102564102564104,0.007623312713036709
-0.3333333333333339,-2.0538461538461537,-0.009737104793895592
-0.3333333333333339,-1.8974358974358974,-0.02685979736892168
-0.3333333333333339,-1.741025641025641,-0.04332672587077649
-0.3333333333333339,-1.5846153846153843,-0.05873586120152315
-0.3333333333333339,-1.428205128205128,-0.07271099957936279
-0.3333333333333339,-1.2717948717948717,-0.08491094730354222
-0.3333333333333339,-1.115384615384615,-0.09503785077143743
-0.3333333333333339,-0.9589743589743587,-0.10284446837599132
-0.3333333333333339,-0.8025641025641024,-0.10814020674497037
-0.3333333333333339,-0.6461538461538456,-0.11079577395127653
-0.3333333333333339,-0.48974358974358934,-0.11074633608928239
-0.3333333333333339,-0.33333333333333304,-0.10799310015147959
-0.3333333333333339,-0.1769230769230763,-0.1026032845605604
-0.3333333333333339,-0.02051282051282044,-0.09470847807637288
-0.3333333333333339,0.1358974358974363,-0.08450142714394258
-0.3333333333333339,0.29230769230769305,-0.07223133011732197
-0.3333333333333339,0.4487179487179489,-0.05819775324765842
-0.3333333333333339,0.6051282051282056,-0.04274331697258251
-0.3333333333333339,0.7615384615384624,-0.026245331066293696
-0.3333333333333339,0.9179487179487182,-0.009106582872584488
-0.3333333333333339,1.074358974358975,0.008254496480037702
-0.3333333333333339,1.2307692307692317,0.025414047795818094
-0.3333333333333339,1.3871794871794876,0.0419531320518715
-0.3333333333333339,1.5435897435897443,0.05746795851555387
-0.3333333333333339,1.7,0.07157974302641038
-0.07692307692307754,-4.4,0.0045725709322840214
-0.07692307692307754,-4.243589743589744,0.005101771732628011
-0.07692307692307754,-4.087179487179488,0.005506416172183917
-0.07692307692307754,-3.930769230769231,0.005776625126317086
-0.07692307692307754,-3.7743589743589747,0.005905801623280632
-0.07692307692307754,-3.6179487179487184,0.0058907919048892905
-0.07692307692307754,-3.4615384615384617,0.005731962423426163
-0.07692307692307754,-3.3051282051282054,0.005433190894954156
-0.07692307692307754,-3.148717948717949,0.005001771627459567
-0.07692307692307754,-2.9923076923076923,0.004448237435178149
-0.07692307692307754,-2.835897435897436,0.003786102486946857
-0.07692307692307754,-2.6794871794871797,0.003031532366767588
-0.07692307692307754,-2.523076923076923,0.0022029494018346095
-0.07692307692307754,-2.3666666666666667,0.001320582893679197
-0.07692307692307754,-2.2102564102564104,0.0004059752332386463
-0.07692307692307754,-2.0538461538461537,-0.0005185440422784699
-0.07692307692307754,-1.8974358974358974,-0.0014304034101792786
-0.07692307692307754,-1.741025641025641,-0.002307340430988126
-0.07692307692307754,-1.5846153846153843,-0.0031279452710870704
-0.07692307692307754,-1.428205128205128,-0.0038721834095519127
-0.07692307692307754,-1.2717948717948717,-0.0045218847676443165
-0.07692307692307754,-1.115384615384615,-0.005061187319189038
-0.07692307692307754,-0.9589743589743587,-0.0054769243513842205
-0.07692307692307754,-0.8025641025641024,-0.005758945921329854
-0.07692307692307754,-0.6461538461538456,-0.005900366660127225
-0.07692307692307754,-0.48974358974358934,-0.005897733874577242
-0.07692307692307754,-0.33333333333333304,-0.005751111842386558
-0.07692307692307754,-0.1769230769230763,-0.005464080242870149
-0.07692307692307754,-0.02051282051282044,-0.005043646761463707
-0.07692307692307754,0.1358974358974363,-0.004500076001748477
-0.07692307692307754,0.29230769230769305,-0.003846638881987608
-0.07692307692307754,0.4487179487179489,-0.003099288634490724
-0.07692307692307754,0.6051282051282056,-0.0022762713180665525
-0.07692307692307754,0.7615384615384624,-0.0013976803526428768
-0.07692307692307754,0.9179487179487182,-0.0004849659517944462
-0.07692307692307754,1.074358974358975,0.0004395885699428417
-0.07692307692307754,1.2307692307692317,0.0013534108293631105
-0.07692307692307754,1.3871794871794876,0.0022341904643008764
-0.07692307692307754,1.5435897435897443,0.0030604238262721376
-0.07692307692307754,1.7,0.0038119389777378776
0.17948717948717885,-4.4,0.024895108409101318
0.17948717948717885,-4.243589743589744,0.027776312766529643
0.17948717948717885,-4.087179487179488,0.029979376937445082
0.17948717948717885,-3.930769230769231,0.03145051457661452
0.17948717948717885,-3.7743589743589747,0.03215380883786048
0.17948717948717885,-3.6179487179487184,0.032072089259952065
0.17948717948717885,-3.4615384615384617,0.031207350971986167
0.17948717948717885,-3.3051282051282054,0.029580705983638614
0.17948717948717885,-3.148717948717949,0.02723186774950146
0.17948717948717885,-2.9923076923076923,0.024218181591524918
0.17948717948717885,-2.835897435897436,0.020613224651154633
0.17948717948717885,-2.6794871794871797,0.016505009552400935
0.17948717948717885,-2.523076923076923,0.011993835632210374
0.17948717948717885,-2.3666666666666667,0.007189840198919907
0.17948717948717885,-2.2102564102564104,0.0022103096031881346
0.17948717948717885,-2.0538461538461537,-0.002823184230182715
0.17948717948717885,-1.8974358974358974,-0.007787751899864782
0.17948717948717885,-1.741025641025641,-0.012562186790935062
0.17948717948717885,-1.5846153846153843,-0.01702992425369588
0.17948717948717885,-1.428205128205128,-0.021081887452004372
0.17948717948717885,-1.2717948717948717,-0.024619150401618488
0.17948717948717885,-1.115384615384615,-0.027555353182250795
0.17948717948717885,-0.9589743589743587,-0.029818810357535627
0.17948717948717885,-0.8025641025641024,-0.031354261127239595
0.17948717948717885,-0.6461538461538456,-0.032124218482914156
0.17948717948717885,-0.48974358974358934,-0.03210988442825313
0.17948717948717885,-0.33333333333333304,-0.03131160891965943
0.17948717948717885,-0.1769230769230763,-0.029748881322292343
0.17948717948717885,-0.02051282051282044,-0.02745985459019066
0.17948717948717885,0.1358974358974363,-0.0245004137872967
0.17948717948717885,0.29230769230769305,-0.020942811690820937
0.17948717948717885,0.4487179487179489,-0.01687390478778244
0.17948717948717885,0.6051282051282056,-0.01239303273169539
0.17948717948717885,0.7615384615384624,-0.007609593031055488
0.17948717948717885,0.9179487179487182,-0.002640370181991924
0.17948717948717885,1.074358974358975,0.0023933155474665274
0.17948717948717885,1.2307692307692317,0.007368570070976765
0.17948717948717885,1.3871794871794876,0.012163925861193381
0.17948717948717885,1.5435897435897443,0.016662307498592363
0.17948717948717885,1.7,0.020753889989905742
0.43589743589743524,-4.4,0.14683033327000633
0.43589743589743524,-4.243589743589744,0.1638235589699408
0.43589743589743524,-4.087179487179488,0.17681714152901354
0.43589743589743524,-3.930769230769231,0.18549385127840068
0.43589743589743524,-3.7743589743589747,0.18964185212534115
0.43589743589743524,-3.6179487179487184,0.18915987339033027
0.43589743589743524,-3.4615384615384617,0.18405968226334773
0.43589743589743524,-3.3051282051282054,0.1744657965157468
0.43589743589743524,-3.148717948717949,0.16061244448175416
0.43589743589743524,-2.9923076923076923,0.14283784652960674
0.43589743589743524,-2.835897435897436,0.12157595763640232
0.43589743589743524,-2.6794871794871797,0.09734587266620182
0.43589743589743524,-2.523076923076923,0.07073915301446555
0.43589743589743524,-2.3666666666666667,0.04240538403036452
0.43589743589743524,-2.2102564102564104,0.013036315822885173
0.43589743589743524,-2.0538461538461537,-0.016651025357608328
0.43589743589743524,-1.8974358974358974,-0.04593184283797819
0.43589743589743524,-1.741025641025641,-0.0740912649506173
0.43589743589743524,-1.5846153846153843,-0.10044179814934957
0.43589743589743524,-1.428205128205128,-0.12434011170672017
0.43589743589743524,-1.2717948717948717,-0.14520274420546475
0.43589743589743524,-1.115384615384615,-0.1625203483606227
0.43589743589743524,-0.9589743589743587,-0.17587012639444555
0.43589743589743524,-0.8025641025641024,-0.1849261523626996
0.43589743589743524,-0.6461538461538456,-0.18946732941963731
0.43589743589743524,-0.48974358974358934,-0.18938278775031006
0.43589743589743524,-0.33333333333333304,-0.1846745913832982
0.43589743589743524,-0.1769230769230763,-0.175457687798827
0.43589743589743524,-0.02051282051282044,-0.16195710156255375
0.43589743589743524,0.1358974358974363,-0.14450244050058725
0.43589743589743524,0.29230769230769305,-0.12351984854382196
0.43589743589743524,0.4487179487179489,-0.09952160170753357
0.43589743589743524,0.6051282051282056,-0.07309360121346903
0.43589743589743524,0.7615384615384624,-0.04488106910153153
0.43589743589743524,0.9179487179487182,-0.015572795563176922
0.43589743589743524,1.074358974358975,0.01411567741260876
0.43589743589743524,1.2307692307692317,0.043459525520659056
0.43589743589743524,1.3871794871794876,0.07174233824254901
0.43589743589743524,1.5435897435897443,0.09827360953251454
0.43589743589743524,1.7,0.12240559606291397
0.6923076923076916,-4.4,0.3703782455149991
0.6923076923076916,-4.243589743589744,0.4132435103428615
0.6923076923076916,-4.087179487179488,0.44601970994688933
0.6923076923076916,-3.930769230769231,0.4679066352316756
0.6923076923076916,-3.7743589743589747,0.47836993148572265
0.6923076923076916,-3.6179487179487184,0.477154144296024
0.6923076923076916,-3.4615384615384617,0.4642889562975109
0.6923076923076916,-3.3051282051282054,0.4400884624912788
0.6923076923076916,-3.148717948717949,0.4051435018242177
0.6923076923076916,-2.9923076923076923,0.3603072322494236
0.6923076923076916,-2.835897435897436,0.3066743014426899
0.6923076923076916,-2.6794871794871797,0.24555412170817026
0.6923076923076916,-2.523076923076923,0.17843890154860018
0.6923076923076916,-2.3666666666666667,0.10696721438801304
0.6923076923076916,-2.2102564102564104,0.032883993892329766
0.6923076923076916,-2.0538461538461537,-0.042002067424555305
0.6923076923076916,-1.8974358974358974,-0.1158626762245195
0.6923076923076916,-1.741025641025641,-0.18689457491003483
0.6923076923076916,-1.5846153846153843,-0.2533635669580482
0.6923076923076916,-1.428205128205128,-0.3136468561736993
0.6923076923076916,-1.2717948717948717,-0.3662726661791831
0.6923076923076916,-1.115384615384615,-0.40995617285430475
0.6923076923076916,-0.9589743589743587,-0.44363087246211397
0.6923076923076916,-0.8025641025641024,-0.46647461962770986
0.6923076923076916,-0.6461538461538456,-0.4779296994702967
0.6923076923076916,-0.48974358974358934,-0.477716443840748
0.6923076923076916,-0.33333333333333304,-0.46584005923330285
0.6923076923076916,-0.1769230769230763,-0.4425904996724741
0.6923076923076916,-0.02051282051282044,-0.40853538767855296
0.6923076923076916,0.1358974358974363,-0.36450615614162013
0.6923076923076916,0.29230769230769305,-0.31157774944099065
0.6923076923076916,0.4487179487179489,-0.25104237939374413
0.6923076923076916,0.6051282051282056,-0.18437797676338746
0.6923076923076916,0.7615384615384624,-0.11321210856407099
0.6923076923076916,0.9179487179487182,-0.03928224209534944
0.6923076923076916,1.074358974358975,0.035606674165369535
0.6923076923076916,1.2307692307692317,0.10962627717840999
0.6923076923076916,1.3871794871794876,0.18096942760836776
0.6923076923076916,1.5435897435897443,0.2478943299280387
0.6923076923076916,1.7,0.30876705719676256
0.948717948717948,-4.4,0.6955388451440795
0.948717948717948,-4.243589743589744,0.7760361668852916
0.948717948717948,-4.087179487179488,0.8375870821910724
0.948717948717948,-3.930769230769231,0.8786888664364392
0.948717948717948,-3.7743589743589747,0.898338046919005
0.948717948717948,-3.6179487179487184,0.8960549019770331
0.948717948717948,-3.4615384615384617,0.8718951730744755
0.948717948717948,-3.3051282051282054,0.8264487039102345
0.948717948717948,-3.148717948717949,0.760825039776892
0.948717948717948,-2.9923076923076923,0.6766263387509754
0.948717948717948,-2.835897435897436,0.5759082560700174
0.948717948717948,-2.6794871794871797,0.4611297566783062
0.948717948717948,-2.523076923076923,0.3350930812346142
0.948717948717948,-2.3666666666666667,0.20087533127186546
0.948717948717948,-2.2102564102564104,0.0617533438115219
0.948717948717948,-2.0538461538461537,-0.07887631043102365
0.948717948717948,-1.8974358974358974,-0.2175802520594887
0.948717948717948,-1.741025641025641,-0.35097211666918765
0.948717948717948,-1.5846153846153843,-0.4757952306797916
0.948717948717948,-1.428205128205128,-0.5890021208529418
0.948717948717948,-1.2717948717948717,-0.6878289163227734
0.948717948717948,-1.115384615384615,-0.769862826663297
0.948717948717948,-0.9589743589743587,-0.8331010485605408
0.948717948717948,-0.8025641025641024,-0.8759996629222703
0.948717948717948,-0.6461538461538456,-0.8975113286348922
0.948717948717948,-0.48974358974358934,-0.897110852699567
0.948717948717948,-0.33333333333333304,-0.8748080124696734
0.948717948717948,-0.1769230769230763,-0.8311473169432336
0.948717948717948,-0.02051282051282044,-0.7671947129381882
0.948717948717948,0.1358974358974363,-0.6845115607103953
0.948717948717948,0.29230769230769305,-0.585116514382327
0.948717948717948,0.4487179487179489,-0.4714362378464141
0.948717948717948,0.6051282051282056,-0.34624615938145065
0.948717948717948,0.7615384615384624,-0.21260271141867387
0.948717948717948,0.9179487179487182,-0.07376870977850947
0.948717948717948,1.074358974358975,0.06686630580574886
0.948717948717948,1.2307692307692317,0.20586882504422954
0.948717948717948,1.3871794871794876,0.3398451939586496
0.948717948717948,1.5435897435897443,0.4655244686851648
0.948717948717948,1.7,0.5798382733914514
1.2051282051282044,-4.4,1.1223121321572478
1.2051282051282044,-4.243589743589744,1.2522015285972314
1.2051282051282044,-4.087179487179488,1.3515192582615627
1.2051282051282044,-3.930769230769231,1.4178405448926916
1.2051282051282044,-3.7743589743589747,1.449546198425188
1.2051282051282044,-3.6179487179487184,1.4458621464333576
1.2051282051282044,-3.4615384615384617,1.4068783325942418
1.2051282051282044,-3.3051282051282054,1.333546520772614
1.2051282051282044,-3.148717948717949,1.2276570583397772
1.2051282051282044,-2.9923076923076923,1.0917951660342624
1.2051282051282044,-2.835897435897436,0.9292778215183848
1.2051282051282044,-2.6794871794871797,0.7440727775766097
1.2051282051282044,-2.523076923076923,0.5407016920725076
1.2051282051282044,-2.3666666666666667,0.3241297346819218
1.2051282051282044,-2.2102564102564104,0.0996443655804616
1.2051282051282044,-2.0538461538461537,-0.12727375437701335
1.2051282051282044,-1.8974358974358974,-0.3510845703428858
1.2051282051282044,-1.741025641025641,-0.5663238902280758
1.2051282051282044,-1.5846153846153843,-0.76773678931458
1.2051282051282044,-1.428205128205128,-0.9504059057444476
1.2051282051282044,-1.2717948717948717,-1.109871494636236
1.2051282051282044,-1.115384615384615,-1.2422403097875994
1.2051282051282044,-0.9589743589743587,-1.3442806546897264
1.2051282051282044,-0.8025641025641024,-1.413501282246381
1.2051282051282044,-0.6461538461538456,-1.4482122169134242
1.2051282051282044,-0.48974358974358934,-1.447566014326767
1.2051282051282044,-0.33333333333333304,-1.4115784510924099
1.2051282051282044,-0.1769230769230763,-1.3411281396111057
1.2051282051282044,-0.02051282051282044,-1.2379350773414597
1.2051282051282044,0.1358974358974363,-1.1045186542069128
1.2051282051282044,0.29230769230769305,-0.9441361433678311
1.2051282051282044,0.4487179487179489,-0.7607031770655435
1.2051282051282044,0.6051282051282056,-0.5586981490676587
1.2051282051282044,0.7615384615384624,-0.3430528776653402
1.2051282051282044,0.9179487179487182,-0.11903219861265703
1.2051282051282044,1.074358974358975,0.10789457233374673
1.2051282051282044,1.2307692307692317,0.33218716911811774
1.2051282051282044,1.3871794871794876,0.5483696372933946
1.2051282051282044,1.5435897435897443,0.7511640258038929
1.2051282051282044,1.7,0.9356192446469808
1.46153846153846,-4.4,1.6506981065545017
1.46153846153846,-4.243589743589744,1.8417395954786784
1.46153846153846,-4.087179487179488,1.987816238158358
1.46153846153846,-3.930769230769231,2.08536167060043
1.46153846153846,-3.7743589743589747,2.1319943860042696
1.46153846153846,-3.6179487179487184,2.126575877664995
1.46153846153846,-3.4615384615384617,2.069238434856807
1.46153846153846,-3.3051282051282054,1.9613819130784147
1.46153846153846,-3.148717948717949,1.8056395575128708
1.46153846153846,-2.9923076923076923,1.6058137140992825
1.46153846153846,-2.835897435897436,1.3667829977877903
1.46153846153846,-2.6794871794871797,1.0943831844030794
1.46153846153846,-2.523076923076923,0.7952647340622795
1.46153846153846,-2.3666666666666667,0.47673042461818144
1.46153846153846,-2.2102564102564104,0.14655705919914866
1.46153846153846,-2.0538461538461537,-0.1871943992625242
1.46153846153846,-1.8974358974358974,-0.5163756310747102
1.46153846153846,-1.741025641025641,-0.8329498955866982
1.46153846153846,-1.5846153846153843,-1.1291882428624118
1.46153846153846,-1.428205128205128,-1.397858210848215
1.46153846153846,-1.2717948717948717,-1.6324004011195685
1.46153846153846,-1.115384615384615,-1.8270886222272096
1.46153846153846,-0.9589743589743587,-1.9771696908496676
1.46153846153846,-0.8025641025641024,-2.0789794776000394
1.46153846153846,-0.6461538461538456,-2.1300323643058894
1.46153846153846,-0.48974358974358934,-2.1290819287223455
1.46153846153846,-0.33333333333333304,-2.0761513751015097
1.46153846153846,-0.1769230769230763,-1.9725329676760877
1.46153846153846,-0.02051282051282044,-1.820756480888365
1.46153846153846,0.1358974358974363,-1.6245274366311706
1.46153846153846,0.29230769230769305,-1.3886366363975011
1.46153846153846,0.4487179487179489,-1.1188431970511308
1.46153846153846,0.6051282051282056,-0.8217339458220105
1.46153846153846,0.7615384615384624,-0.5045626073040693
1.46153846153846,0.9179487179487182,-0.1750727085977919
1.46153846153846,1.074358974358975,0.15869147374936296
1.46153846153846,1.2307692307692317,0.488581309400074
1.46153846153846,1.3871794871794876,0.8065427576126017
1.46153846153846,1.5435897435897443,1.1048130012842214
1.46153846153846,1.7,1.3761099709633486
1.7179487179487172,-4.4,2.2806967683358472
1.7179487179487172,-4.243589743589744,2.5446503675296395
1.7179487179487172,-4.087179487179488,2.7464780218814653
1.7179487179487172,-3.930769230769231,2.881252243559662
1.7179487179487172,-3.7743589743589747,2.9456826096562567
1.7179487179487172,-3.6179487179487184,2.938196095671953
1.7179487179487172,-3.4615384615384617,2.858975479862179
1.7179487179487172,-3.3051282051282054,2.709954880827644
1.7179487179487172,-3.148717948717949,2.4947725372961798
1.7179487179487172,-2.9923076923076923,2.2186819829460416
1.7179487179487172,-2.835897435897436,1.8884237848782393
1.7179487179487172,-2.6794871794871797,1.5120609771577194
1.7179487179487172,-2.523076923076923,1.0987822072039328
1.7179487179487172,-2.3666666666666667,0.6586774010806462
1.7179487179487172,-2.2102564102564104,0.20249142466758363
1.7179487179487172,-2.0538461538461537,-0.2586382450875569
1.7179487179487172,-1.8974358974358974,-0.7134534342549637
1.7179487179487172,-1.741025641025641,-1.150850132745058
1.7179487179487172,-1.5846153846153843,-1.5601495913232912
1.7179487179487172,-1.428205128205128,-1.9313590361642492
1.7179487179487172,-1.2717948717948717,-2.2554156357727773
1.7179487179487172,-1.115384615384615,-2.5244077639821345
1.7179487179487172,-0.9589743589743587,-2.7317681570403725
1.7179487179487172,-0.8025641025641024,-2.8724342489832533
1.7179487179487172,-0.6461538461538456,-2.942971770812296
1.7179487179487172,-0.48974358974358934,-2.94165859588631
1.7179487179487172,-0.33333333333333304,-2.8685267844969804
1.7179487179487172,-0.1769230769230763,-2.725361801138187
1.7179487179487172,-0.02051282051282044,-2.515658923578911
1.7179487179487172,0.1358974358974363,-2.2445379079831747
1.7179487179487172,0.29230769230769305,-1.9186179934713423
1.7179487179487172,0.4487179487179489,-1.5458562978031805
1.7179487179487172,0.6051282051282056,-1.135353549644509
1.7179487179487172,0.7615384615384624,-0.6971319003348632
1.7179487179487172,0.9179487179487182,-0.24189023973391469
1.7179487179487172,1.074358974358975,0.21925701005259812
1.7179487179487172,1.2307692307692317,0.6750512458901
1.7179487179487172,1.3871794871794876,1.114364554916274
1.7179487179487172,1.5435897435897443,1.5264713951261548
1.7179487179487172,1.7,1.9013104523405604
1.9743589743589745,-4.4,3.012308117501281
1.9743589743589745,-4.243589743589744,3.360933844750111
1.9743589743589745,-4.087179487179488,3.627504609430881
1.9743589743589745,-3.930769230769231,3.8055122637703844
1.9743589743589745,-3.7743589743589747,3.890610869381146
1.9743589743589745,-3.6179487179487184,3.8807228004542274
1.9743589743589745,-3.4615384615384617,3.7760894676103534
1.9743589743589745,-3.3051282051282054,3.579265424020298
1.9743589743589745,-3.148717948717949,3.2950559976897003
1.9743589743589745,-2.9923076923076923,2.930399972574536
1.9743589743589745,-2.835897435897436,2.4942001827897284
1.9743589743589745,-2.6794871794871797,1.9971061558405272
1.9743589743589745,-2.523076923076923,1.4512541114974657
1.9743589743589745,-2.3666666666666667,0.869970664069315
1.9743589743589745,-2.2102564102564104,0.2674474619857662
1.9743589743589745,-2.0538461538461537,-0.341605291852111
1.9743589743589745,-1.8974358974358974,-0.9423179798836454
1.9743589743589745,-1.741025641025641,-1.5200246017031533
1.9743589743589745,-1.5846153846153843,-2.0606208346972164
1.9743589743589745,-1.428205128205128,-2.550908381692547
1.9743589743589745,-1.2717948717948717,-2.9789171985958585
1.9743589743589745,-1.115384615384615,-3.33419773505237
1.9743589743589745,-0.9589743589743587,-3.608076053261837
1.9743589743589745,-0.8025641025641024,-3.793865596396018
1.9743589743589745,-0.6461538461538456,-3.8870304364326405
1.9743589743589745,-0.48974358974358934,-3.885296015818657
1.9743589743589745,-0.33333333333333304,-3.788704679278818
1.9743589743589745,-0.1769230769230763,-3.5996146399973994
1.9743589743589745,-0.02051282051282044,-3.322642405413094
1.9743589743589745,0.1358974358974363,-2.964550068262922
1.9743589743589745,0.29230769230769305,-2.534080214589352
1.9743589743589745,0.4487179487179489,-2.04174247932169
1.9743589743589745,0.6051282051282056,-1.4995569605351529
1.9743589743589745,0.7615384615384624,-0.9207607567577205
1.9743589743589745,0.9179487179487182,-0.3194847920210251
1.9743589743589745,1.074358974358975,0.2895911812434519
1.9743589743589745,1.2307692307692317,0.891596978588195
1.9743589743589745,1.3871794871794876,1.4718350292044096
1.9743589743589745,1.5435897435897443,2.0161392073296907
1.9743589743589745,1.7,2.511220688778613
2.23076923076923,-4.4,3.845532154050798
2.23076923076923,-4.243589743589744,4.290590027140086
2.23076923076923,-4.087179487179488,4.630896000806597
2.23076923076923,-3.930769230769231,4.858141731232588
2.23076923076923,-3.7743589743589747,4.966779165178929
2.23076923076923,-3.6179487179487184,4.954155992011811
2.23076923076923,-3.4615384615384617,4.820580398101322
2.23076923076923,-3.3051282051282054,4.569313542656369
2.23076923076923,-3.148717948717949,4.206489938693426
2.23076923076923,-2.9923076923076923,3.7409676829847607
2.23076923076923,-2.835897435897436,3.1841121915222534
2.23076923076923,-2.6794871794871797,2.5495187204514993
2.23076923076923,-2.523076923076923,1.8526804469428755
2.23076923076923,-2.3666666666666667,1.1106102135841862
2.23076923076923,-2.2102564102564104,0.34142517115369586
2.23076923076923,-2.0538461538461537,-0.4360955395561859
2.23076923076923,-1.8974358974358974,-1.2029692679607533
2.23076923076923,-1.741025641025641,-1.9404733024609815
2.23076923076923,-1.5846153846153843,-2.6306019729841825
2.23076923076923,-1.428205128205128,-3.256506247433104
2.23076923076923,-1.2717948717948717,-3.8029050895888066
2.23076923076923,-1.115384615384615,-4.25645853543791
2.23076923076923,-0.9589743589743587,-4.606093379514053
2.23076923076923,-0.8025641025641024,-4.843273519838327
2.23076923076923,-0.6461538461538456,-4.962208361166914
2.23076923076923,-0.48974358974358934,-4.959994188519378
2.23076923076923,-0.33333333333333304,-4.8366850594470145
2.23076923076923,-0.1769230769230763,-4.5952914842537185
2.23076923076923,-0.02051282051282044,-4.241706926390907
2.23076923076923,0.1358974358974363,-3.784563917470406
2.23076923076923,0.29230769230769305,-3.2350232997515245
2.23076923076923,0.4487179487179489,-2.606501741606655
2.23076923076923,0.6051282051282056,-1.9143441784939388
2.23076923076923,0.7615384615384624,-1.1754491765726398
2.23076923076923,0.9179487179487182,-0.40785636545912246
2.23076923076923,1.074358974358975,0.3696939873219237
2.23076923076923,1.2307692307692317,1.138218507494357
2.23076923076923,1.3871794871794876,1.8789541804770058
2.23076923076923,1.5435897435897443,2.5738164378948247
2.23076923076923,1.7,3.2058406802775012
2.4871794871794854,-4.4,4.780368877984401
2.4871794871794854,-4.243589743589744,5.333618914699569
2.4871794871794854,-4.087179487179488,5.75665219600862
2.4871794871794854,-3.930769230769231,6.03914064594628
2.4871794871794854,-3.7743589743589747,6.174187497049612
2.4871794871794854,-3.6179487179487184,6.158495670344708
2.4871794871794854,-3.4615384615384617,5.992448271335093
2.4871794871794854,-3.3051282051282054,5.680099236735863
2.4871794871794854,-3.148717948717949,5.2290743603073615
2.4871794871794854,-2.9923076923076923,4.65038511417672
2.4871794871794854,-2.835897435897436,3.958159811075818
2.4871794871794854,-2.6794871794871797,3.169298670990638
2.4871794871794854,-2.523076923076923,2.3030612135401647
2.4871794871794854,-2.3666666666666667,1.3805960496252612
2.4871794871794854,-2.2102564102564104,0.42442455217137304
2.4871794871794854,-2.0538461538461537,-0.542108988199782
2.4871794871794854,-1.8974358974358974,-1.495407298486289
2.4871794871794854,-1.741025641025641,-2.4121962350185444
2.4871794871794854,-1.5846153846153843,-3.270093006184193
2.4871794871794854,-1.428205128205128,-4.048152633385924
2.4871794871794854,-1.2717948717948717,-4.727379308751626
2.4871794871794854,-1.115384615384615,-5.29119016513876
2.4871794871794854,-0.9589743589743587,-5.725820135797027
2.4871794871794854,-0.8025641025641024,-6.020658019310185
2.4871794871794854,-0.6461538461538456,-6.1685055450151225
2.4871794871794854,-0.48974358974358934,-6.165753113988479
2.4871794871794854,-0.33333333333333304,-6.012467925001577
2.4871794871794854,-0.1769230769230763,-5.7123923339071485
2.4871794871794854,-0.02051282051282044,-5.272852486512355
2.4871794871794854,0.1358974358974363,-4.704579455605632
2.4871794871794854,0.29230769230769305,-4.021447248957864
2.4871794871794854,0.4487179487179489,-3.240134084658079
2.4871794871794854,0.6051282051282056,-2.379715203520869
2.4871794871794854,0.7615384615384624,-1.4611971597796223
2.4871794871794854,0.9179487179487182,-0.5070049600482073
2.4871794871794854,1.074358974358975,0.459565428288014
2.4871794871794854,1.2307692307692317,1.4149158326085873
2.4871794871794854,1.3871794871794876,2.3357220087340647
2.4871794871794854,1.5435897435897443,3.19950308682156
2.4871794871794854,1.7,3.9851704268372297
2.7435897435897427,-4.4,5.816818289302098
2.7435897435897427,-4.243589743589744,6.49002050742857
2.7435897435897427,-4.087179487179488,7.004773195036958
2.7435897435897427,-3.930769230769231,7.348509007911469
2.7435897435897427,-3.7743589743589747,7.512835864993204
2.7435897435897427,-3.6179487179487184,7.493741835452929
2.7435897435897427,-3.4615384615384617,7.291693087311672
2.7435897435897427,-3.3051282051282054,6.911622506258789
2.7435897435897427,-3.148717948717949,6.362809262531515
2.7435897435897427,-2.9923076923076923,5.65865226615042
2.7435897435897427,-2.835897435897436,4.816343041450427
2.7435897435897427,-2.6794871794871797,3.856446007457949
2.7435897435897427,-2.523076923076923,2.802396411289336
2.7435897435897427,-2.3666666666666667,1.6799281721925416
2.7435897435897427,-2.2102564102564104,0.5164456050387982
2.7435897435897427,-2.0538461538461537,-0.6596456377829003
2.7435897435897427,-1.8974358974358974,-1.8196320714602543
2.7435897435897427,-1.741025641025641,-2.9351933993758457
2.7435897435897427,-1.5846153846153843,-3.9790939342972527
2.7435897435897427,-1.428205128205128,-4.925847539551012
2.7435897435897427,-1.2717948717948717,-5.752339856084324
2.7435897435897427,-1.115384615384615,-6.438392624154926
2.7435897435897427,-0.9589743589743587,-6.967256322110767
2.7435897435897427,-0.8025641025641024,-7.326019094811601
2.7435897435897427,-0.6461538461538456,-7.505921987977276
2.7435897435897427,-0.48974358974358934,-7.502572792225969
2.7435897435897427,-0.33333333333333304,-7.316053275942512
2.7435897435897427,-0.1769230769230763,-6.950917188957699
2.7435897435897427,-0.02051282051282044,-6.416079085777446
2.7435897435897427,0.1358974358974363,-5.724596682668606
2.7435897435897427,0.29230769230769305,-4.893352062208376
2.7435897435897427,0.4487179487179489,-3.9426395084759673
2.7435897435897427,0.6051282051282056,-2.8956700356159475
2.7435897435897427,0.7615384615384624,-1.7780047063786701
2.7435897435897427,0.9179487179487182,-0.6169305757882803
2.7435897435897427,1.074358974358975,0.5592055041417234
2.7435897435897427,1.2307692307692317,1.7216889539308882
2.7435897435897427,1.3871794871794876,2.84213851397559
2.7435897435897427,1.5435897435897443,3.8931991541099022
2.7435897435897427,1.7,4.849209928457804
3.0,-4.4,6.954880388003885
3.0,-4.243589743589744,7.759794805327081
3.0,-4.087179487179488,8.375258997891605
3.0,-3.930769230769231,8.786246817128147
3.0,-3.7743589743589747,8.9827242690097
3.0,-3.6179487179487184,8.959894487336467
3.0,-3.4615384615384617,8.718314846031054
3.0,-3.3051282051282054,8.26388335122514
3.0,-3.148717948717949,7.60769464536588
3.0,-2.9923076923076923,6.765769138905856
3.0,-2.835897435897436,5.758661882646077
3.0,-2.6794871794871797,4.610960729853428
3.0,-2.523076923076923,3.3506860401903875
3.0,-2.3666666666666667,2.0086065812860268
3.0,-2.2102564102564104,0.6174883297559712
3.0,-2.0538461538461537,-0.7887054883055401
3.0,-1.8974358974358974,-2.1756435868826483
3.0,-1.741025641025641,-3.5094647955328835
3.0,-1.5846153846153843,-4.757604757323358
3.0,-1.428205128205128,-5.889590965928365
3.0,-1.2717948717948717,-6.8777867315868955
3.0,-1.115384615384615,-7.698065912486404
3.0,-0.9589743589743587,-8.330401938455267
3.0,-0.8025641025641024,-8.759356746342569
3.0,-0.6461538461538456,-8.974457690053367
3.0,-0.48974358974358934,-8.970453223231841
3.0,-0.33333333333333304,-8.747441112269815
3.0,-0.1769230769230763,-8.310866049405364
3.0,-0.02051282051282044,-7.671386724186176
3.0,0.1358974358974363,-6.844615598659324
3.0,0.29230769230769305,-5.850737739503058
3.0,0.4487179487179489,-4.714018013060316
3.0,0.6051282051282056,-3.462208674779171
3.0,0.7615384615384624,-2.1258718163697816
3.0,0.9179487179487182,-0.7376332126793409
3.0,1.074358974358975,0.6686142148830515
3.0,1.2307692307692317,2.058537871461258
3.0,1.3871794871794876,3.3982036962015787
3.0,1.5435897435897443,4.654904639759847
3.0,1.7,5.797959185139219
